record_id,snr_db,state,split
13918_AV,23.394790649414062,1,train
13918_PV,20.18794822692871,0,train
13918_TV,25.41238021850586,2,train
13918_MV,16.736438751220703,0,train
14241_AV,19.09166717529297,0,test
14241_PV,22.677047729492188,1,test
14241_TV,17.746837615966797,0,test
14241_MV,19.739028930664062,0,test
14998_AV,24.20302963256836,1,test
14998_PV,28.52739143371582,2,test
14998_TV,31.779861450195312,2,test
14998_MV,28.41413116455078,2,test
23625_AV,18.414499282836918,0,train
23625_PV,25.130098342895508,2,train
23625_TV,25.43595314025879,2,train
23625_MV,22.57858085632324,1,train
24160_AV,16.88014793395996,0,train
24160_PV,23.0760498046875,1,train
24160_TV,21.676647186279297,1,train
24160_MV,22.873401641845703,1,train
2530_AV,22.206626892089844,1,val
2530_PV,20.268535614013672,1,val
2530_TV,25.58363342285156,2,val
2530_MV,22.33003234863281,1,val
29045_AV,17.270687103271484,0,train
29045_PV,23.13443946838379,1,train
29045_TV,25.87518882751465,2,train
29045_MV,15.001502990722656,0,train
31737_AV,22.148630142211918,1,val
31737_PV,27.86355781555176,2,val
31737_TV,22.84450340270996,1,val
31737_MV,17.437999725341797,0,val
33151_AV,19.844423294067383,0,test
33151_PV,21.83393859863281,1,test
33151_TV,26.48887825012207,2,test
33151_MV,24.72139358520508,2,test
36327_AV,16.955461502075195,0,test
36327_PV,17.690540313720703,0,test
36327_TV,19.74538803100586,0,test
36327_MV,14.132856369018556,0,test
38337_AV,16.849882125854492,0,val
38337_MV,17.904600143432617,0,val
39043_AV,19.22551918029785,0,val
39043_PV,21.25317001342773,1,val
39043_TV,25.317222595214844,2,val
39043_MV,22.177011489868164,1,val
39403_AV,16.32973861694336,0,train
39403_PV,27.90045738220215,2,train
39403_TV,24.933086395263672,2,train
39403_MV,25.84530639648437,2,train
40058_AV,17.500051498413086,0,train
40058_PV,20.130022048950195,0,train
40058_TV,27.336376190185547,2,train
40058_MV,19.820863723754883,0,train
40798_AV,15.717726707458496,0,train
40798_PV,19.04966735839844,0,train
40798_TV,26.353857040405277,2,train
40798_MV,22.8528995513916,1,train
40840_AV,18.574573516845703,0,val
40840_PV,24.50918960571289,1,val
40840_TV,27.092517852783203,2,val
40840_MV,20.97930908203125,1,val
43852_AV,15.386550903320312,0,val
43852_PV,23.99873733520508,1,val
43852_TV,24.81834602355957,2,val
43852_MV,25.70768547058105,2,val
44514_AV,20.924203872680664,1,val
44514_PV,29.9979248046875,2,val
44514_TV,22.933673858642575,1,val
44514_MV,29.06383514404297,2,val
45843_AV,17.63758087158203,0,train
45843_PV,18.132028579711918,0,train
45843_TV,26.736841201782227,2,train
45843_MV,23.40042495727539,1,train
46065_AV,19.89695167541504,0,train
46065_PV,21.708404541015625,1,train
46065_TV,23.65949821472168,1,train
46065_MV,19.62895965576172,0,train
46532_AV,24.716386795043945,2,train
46579_AV,15.473926544189451,0,test
46579_PV,20.462554931640625,1,test
46579_TV,24.182144165039062,1,test
46579_MV,18.48247337341309,0,test
46778_MV,14.631404876708984,0,train
47002_AV,17.640085220336914,0,val
47002_MV,28.16341590881348,2,val
49561_AV,18.9820556640625,0,train
49561_PV,27.01041984558105,2,train
49561_TV,30.597225189208984,2,train
49561_MV,24.848052978515625,2,train
49562_AV,25.72160530090332,2,test
49562_PV,28.741111755371094,2,test
49562_TV,31.22880744934082,2,test
49562_MV,25.9365177154541,2,test
49568_AV,14.665398597717283,0,test
49568_PV,26.42645835876465,2,test
49568_TV,25.382369995117188,2,test
49568_MV,24.11371421813965,1,test
49572_PV,28.530500411987305,2,train
49572_TV,21.203048706054688,1,train
49572_MV,22.880104064941406,1,train
49574_AV,20.565128326416016,1,train
49574_PV,24.676979064941406,2,train
49574_TV,25.98000717163086,2,train
49574_MV,21.403987884521484,1,train
49577_AV,18.81351661682129,0,train
49577_PV,30.86909294128418,2,train
49577_TV,20.902496337890625,1,train
49577_MV,18.28984642028809,0,train
49585_AV,18.844392776489254,0,train
49585_PV,25.73315048217773,2,train
49585_TV,29.81067276000977,2,train
49585_MV,24.092510223388672,1,train
49595_AV,26.56008720397949,2,train
49595_MV,23.75035858154297,1,train
49598_AV,23.49726104736328,1,train
49598_MV,25.893421173095703,2,train
49610_AV,25.821887969970703,2,train
49610_PV,28.769895553588867,2,train
49610_TV,28.76824378967285,2,train
49610_MV,27.40575408935547,2,train
49622_AV,18.647464752197266,0,train
49622_MV,21.41649627685547,1,train
49627_AV,26.778165817260746,2,train
49627_PV,23.297388076782227,1,train
49627_TV,31.014863967895508,2,train
49627_MV,30.454275131225582,2,train
49628_AV,22.511173248291016,1,train
49628_PV,30.71630859375,2,train
49628_TV,31.010229110717773,2,train
49628_MV,22.264863967895508,1,train
49630_AV,16.889196395874023,0,train
49630_PV,25.30532455444336,2,train
49630_TV,21.164485931396484,1,train
49630_MV,21.278057098388672,1,train
49631_AV,29.25516891479492,2,test
49631_MV,19.207496643066406,0,test
49641_AV,18.656137466430664,0,test
49641_PV,18.58784866333008,0,test
49641_TV,28.17112922668457,2,test
49641_MV,32.54225158691406,2,test
49653_AV,14.652097702026367,0,val
49653_PV,23.43847274780273,1,val
49653_TV,27.517868041992188,2,val
49653_MV,26.86673164367676,2,val
49659_AV,21.69329643249512,1,train
49659_PV,22.8140926361084,1,train
49659_TV,27.93061065673828,2,train
49659_MV,26.394672393798828,2,train
49661_AV,22.785400390625,1,train
49661_MV,18.712417602539062,0,train
49678_AV,20.018091201782227,0,train
49678_PV,22.303857803344727,1,train
49678_TV,27.67576026916504,2,train
49678_MV,21.75963592529297,1,train
49683_AV,20.86913299560547,1,train
49683_PV,27.24681663513184,2,train
49683_TV,33.54337692260742,2,train
49683_MV,28.670808792114254,2,train
49687_AV,17.240690231323242,0,test
49687_PV,26.419124603271484,2,test
49687_TV,25.96657943725586,2,test
49687_MV,20.302431106567383,1,test
49691_AV,16.187664031982422,0,train
49691_PV,27.30770874023437,2,train
49691_TV,23.161497116088867,1,train
49691_MV,19.442760467529297,0,train
49704_AV,33.62876892089844,2,val
49704_MV,34.66621017456055,2,val
49712_AV,21.487886428833008,1,train
49712_PV,28.24399757385254,2,train
49712_TV,26.6712589263916,2,train
49712_MV,24.38584327697754,1,train
49719_AV,18.79110145568848,0,train
49719_PV,27.45317840576172,2,train
49719_TV,26.52168273925781,2,train
49719_MV,22.528839111328125,1,train
49729_AV,23.761215209960938,1,train
49729_PV,28.00101089477539,2,train
49729_TV,28.9932804107666,2,train
49729_MV,29.014270782470703,2,train
49735_PV,27.11693572998047,2,train
49735_TV,28.3995361328125,2,train
49735_MV,25.96302032470703,2,train
49745_AV,20.16879272460937,0,train
49745_PV,25.35380172729492,2,train
49745_TV,25.96315574645996,2,train
49745_MV,21.63538360595703,1,train
49748_AV_1,24.06249237060547,1,train
49748_AV_2,19.68811416625977,0,train
49748_PV_1,21.26614761352539,1,train
49748_PV_2,20.91876602172852,1,train
49748_TV,25.71395874023437,2,train
49748_MV,22.07484436035156,1,train
49751_AV,19.10190773010254,0,test
49751_PV,24.10082626342773,1,test
49751_TV,25.70145606994629,2,test
49751_MV,25.983678817749023,2,test
49754_AV,20.839847564697266,1,train
49754_PV,18.7582950592041,0,train
49754_TV,12.339126586914062,0,train
49754_MV,9.52430820465088,0,train
49776_AV,22.440155029296875,1,train
49776_MV,25.708829879760746,2,train
49808_PV,24.9971981048584,2,test
49808_TV,20.431367874145508,1,test
49808_MV,26.029279708862305,2,test
49821_AV,23.83724594116211,1,train
49821_PV,31.776554107666016,2,train
49821_TV,34.409183502197266,2,train
49821_MV,25.835628509521484,2,train
49823_PV,27.592273712158203,2,test
49823_TV,26.86053466796875,2,test
49823_MV,24.755516052246094,2,test
49824_AV,25.24164390563965,2,test
49824_PV,22.233238220214844,1,test
49824_MV,25.12209129333496,2,test
49829_AV,15.928893089294434,0,train
49829_PV,26.538305282592773,2,train
49829_TV,23.11045837402344,1,train
49829_MV,18.949974060058597,0,train
49832_AV,20.878406524658203,1,train
49832_MV,23.907697677612305,1,train
49838_MV,19.23383903503418,0,train
49839_AV,16.602787017822266,0,train
49839_PV,19.94666290283203,0,train
49839_TV,26.85915946960449,2,train
49839_MV,23.53527069091797,1,train
49842_AV,24.57574844360352,2,train
49842_PV,29.478309631347656,2,train
49842_TV,20.918731689453125,1,train
49842_MV,18.43984031677246,0,train
49850_AV,14.151796340942385,0,train
49850_MV,20.038034439086918,0,train
49853_AV,18.34580993652344,0,train
49853_PV,27.33034324645996,2,train
49853_TV,29.929506301879883,2,train
49853_MV,30.574386596679688,2,train
49854_AV,18.09827041625977,0,test
49854_PV,20.34847068786621,1,test
49854_TV,28.70709991455078,2,test
49854_MV,27.896617889404297,2,test
49873_AV,31.584640502929688,2,val
49873_MV,33.000911712646484,2,val
49876_AV,20.422019958496094,1,train
49876_PV,26.397085189819336,2,train
49876_TV,28.64133071899414,2,train
49876_MV,29.223541259765625,2,train
49896_AV,24.95727157592773,2,train
49896_PV,31.43604278564453,2,train
49896_TV,25.98873519897461,2,train
49896_MV,28.340251922607425,2,train
49897_AV,27.72173309326172,2,train
49897_PV,23.055561065673828,1,train
49897_TV,26.173633575439453,2,train
49897_MV,19.97380828857422,0,train
49900_AV,29.306442260742188,2,train
49900_MV,25.089385986328125,2,train
49930_AV,20.27617645263672,1,train
49930_PV,20.27201461791992,1,train
49930_TV,35.459510803222656,2,train
49930_MV,24.66010093688965,2,train
49931_AV,18.402973175048828,0,train
49931_PV,20.747486114501957,1,train
49931_TV,15.972864151000977,0,train
49946_PV,31.23073387145996,2,train
49946_TV,26.21863174438477,2,train
49946_MV,20.636001586914062,1,train
49952_AV,24.215293884277344,1,val
49952_PV,24.69545555114746,2,val
49952_TV,19.426284790039062,0,val
49952_MV_1,18.26725006103516,0,val
49952_MV_2,28.08806610107422,2,val
49959_AV,25.5770206451416,2,train
49959_MV,29.00630187988281,2,train
49960_AV,13.727631568908691,0,val
49960_PV,20.75078010559082,1,val
49960_TV,26.48336410522461,2,val
49960_MV,23.97371482849121,1,val
49963_AV,17.62229347229004,0,val
49963_PV,26.346481323242188,2,val
49963_TV,25.266340255737305,2,val
49963_MV,23.77215576171875,1,val
49966_MV,17.84686279296875,0,test
49968_PV,21.168537139892575,1,train
49968_TV,19.818449020385746,0,train
49968_MV,20.187896728515625,0,train
49969_MV,27.877132415771484,2,train
49970_AV,17.700035095214844,0,test
49970_MV,28.337038040161133,2,test
49974_AV,16.077564239501953,0,train
49974_PV,26.5676212310791,2,train
49974_TV,27.311124801635746,2,train
49974_MV,31.087535858154297,2,train
49978_PV,21.53846740722656,1,val
49979_MV,30.85309219360352,2,train
49980_AV,18.25321388244629,0,val
49980_PV,24.988489151000977,2,val
49980_TV,29.013267517089844,2,val
49980_MV,26.60295295715332,2,val
49983_AV,20.25902938842773,1,val
49983_PV,22.811174392700195,1,val
49983_TV,24.469764709472656,1,val
49983_MV,21.26986694335937,1,val
49986_AV,20.52741050720215,1,test
49986_MV,27.15264320373535,2,test
49987_AV,20.39651107788086,1,val
49987_MV,32.815242767333984,2,val
49988_AV,19.54727935791016,0,train
49988_PV,25.580734252929688,2,train
49988_TV,22.738178253173828,1,train
49988_MV,19.866193771362305,0,train
49989_PV,22.939308166503903,1,train
49989_MV,24.68145179748535,2,train
49990_AV,17.09564971923828,0,train
49990_PV,24.422924041748047,1,train
49990_TV,24.15087890625,1,train
49990_MV,29.935325622558597,2,train
49993_AV,25.64465713500977,2,test
49993_PV,29.29513931274414,2,test
49993_TV,30.084888458251957,2,test
49993_MV,22.574560165405277,1,test
49994_AV,18.208208084106445,0,train
49994_PV,18.28094291687012,0,train
49994_TV,18.355846405029297,0,train
49994_MV,19.205705642700195,0,train
49995_AV,20.37582015991211,1,val
49995_PV,28.21246337890625,2,val
49995_TV,29.81232452392578,2,val
49995_MV,27.351587295532227,2,val
49998_PV,25.8697509765625,2,test
49998_TV,22.80524063110352,1,test
49998_MV,20.25261116027832,1,test
49999_AV,20.69042015075684,1,val
49999_PV,24.554279327392575,2,val
49999_TV,19.46394920349121,0,val
49999_MV,18.388124465942383,0,val
50001_AV,13.745716094970703,0,train
50001_PV,22.44138526916504,1,train
50001_TV,23.33561134338379,1,train
50001_MV,18.36273956298828,0,train
50004_PV,38.53515625,2,train
50004_TV,33.88177490234375,2,train
50004_MV,34.33880615234375,2,train
50005_MV,24.01951789855957,1,train
50006_AV,21.82164001464844,1,train
50006_MV,32.608482360839844,2,train
50007_AV,38.27448654174805,2,train
50007_PV,26.05529022216797,2,train
50007_TV,24.855491638183597,2,train
50007_MV,27.61683464050293,2,train
50008_AV,23.919677734375,1,test
50008_PV,25.17158317565918,2,test
50008_TV,25.37576675415039,2,test
50008_MV,22.75647735595703,1,test
50009_AV,19.94451141357422,0,train
50012_MV,22.47631454467773,1,train
50014_AV,19.126436233520508,0,train
50014_PV,25.34401130676269,2,train
50014_TV,26.91489028930664,2,train
50014_MV,28.43717765808105,2,train
50015_AV,16.584712982177734,0,train
50015_PV,20.62295913696289,1,train
50015_TV,20.954139709472656,1,train
50015_MV,23.695350646972656,1,train
50017_AV,17.570404052734375,0,train
50017_PV,21.05060386657715,1,train
50017_TV,22.13069725036621,1,train
50017_MV,26.69754219055176,2,train
50018_AV,19.72880172729492,0,train
50018_MV,27.63473320007324,2,train
50023_AV,18.156005859375,0,val
50023_PV,26.995101928710938,2,val
50023_TV,23.52498817443848,1,val
50023_MV,23.40083885192871,1,val
50026_AV,22.265438079833984,1,val
50026_MV,24.18199157714844,1,val
50027_AV,29.736936569213867,2,test
50027_MV,27.945241928100582,2,test
50029_AV,16.186355590820312,0,train
50029_PV,30.238035202026367,2,train
50029_TV,23.388612747192383,1,train
50029_MV,22.005874633789062,1,train
50032_PV,28.5317440032959,2,train
50032_TV_1,27.08442687988281,2,train
50032_TV_2,23.761606216430664,1,train
50034_AV,29.849102020263672,2,val
50034_MV,35.073219299316406,2,val
50037_AV,16.911279678344727,0,train
50037_MV,26.83637809753418,2,train
50043_AV,20.19116973876953,0,train
50043_PV,26.412107467651367,2,train
50043_TV,28.64393424987793,2,train
50047_PV,23.115463256835938,1,train
50047_TV,26.679094314575195,2,train
50047_MV,26.24492835998535,2,train
50048_PV,32.37820816040039,2,test
50048_TV,30.09627342224121,2,test
50048_MV,25.614524841308597,2,test
50049_AV,18.10186004638672,0,train
50049_PV,22.66636085510254,1,train
50049_TV,25.546905517578125,2,train
50049_MV,23.51885223388672,1,train
50053_AV,20.32102394104004,1,train
50053_PV,25.28915405273437,2,train
50053_TV,20.842845916748047,1,train
50054_AV,25.50893783569336,2,train
50054_PV,32.10093688964844,2,train
50054_TV,29.261280059814453,2,train
50054_MV,30.36445426940918,2,train
50056_AV,22.54150390625,1,train
50056_PV,32.14485549926758,2,train
50056_TV,29.472599029541016,2,train
50056_MV,26.554367065429688,2,train
50057_PV,20.587099075317383,1,train
50057_TV,21.38017463684082,1,train
50057_MV,24.280494689941406,1,train
50061_AV,21.4719352722168,1,test
50061_PV,26.97894287109375,2,test
50061_TV,19.201475143432617,0,test
50061_MV,43.06910705566406,2,test
50066_AV,24.03155517578125,1,val
50066_MV,24.82099151611328,2,val
50067_PV,25.17242813110352,2,train
50067_TV,26.98293685913086,2,train
50067_MV,25.57019424438477,2,train
50070_AV,17.529586791992188,0,train
50070_PV,21.85380744934082,1,train
50070_TV,29.49396514892578,2,train
50070_MV,22.019947052001957,1,train
50072_PV,21.947900772094727,1,val
50072_TV,31.5859489440918,2,val
50072_MV,30.45859909057617,2,val
50074_AV,26.404918670654297,2,train
50074_PV,25.064960479736328,2,train
50074_TV,22.980661392211918,1,train
50074_MV,20.178211212158203,0,train
50075_AV,24.978410720825195,2,train
50075_MV,24.470294952392575,1,train
50076_AV,19.170503616333008,0,train
50076_PV,19.11537742614746,0,train
50076_TV,25.588790893554688,2,train
50076_MV,16.305696487426758,0,train
50077_MV,23.764930725097656,1,test
50078_AV,24.1756534576416,1,train
50078_PV,23.3989372253418,1,train
50078_TV,20.978199005126957,1,train
50078_MV,15.03879737854004,0,train
50079_AV,28.82545280456543,2,train
50079_PV,29.84088516235352,2,train
50079_TV,21.763221740722656,1,train
50080_AV,29.632396697998047,2,test
50080_PV,27.307024002075195,2,test
50080_TV,26.43756103515625,2,test
50080_MV,26.486225128173828,2,test
50085_AV,23.40334892272949,1,train
50085_PV,25.55221939086914,2,train
50085_TV,28.02698516845703,2,train
50085_MV,25.396974563598636,2,train
50086_PV,20.080097198486328,0,train
50086_TV,23.45517349243164,1,train
50086_MV,19.10724258422852,0,train
50089_AV,21.882041931152344,1,test
50089_PV,24.730300903320312,2,test
50089_TV,21.72772216796875,1,test
50092_AV,22.035768508911133,1,test
50092_PV,30.764923095703125,2,test
50092_TV,29.94479751586914,2,test
50092_MV,28.885643005371094,2,test
50094_PV,21.02536392211914,1,train
50094_TV,25.15322494506836,2,train
50094_MV,15.875242233276367,0,train
50096_AV,25.52007293701172,2,train
50096_PV,28.982629776000977,2,train
50096_TV,21.965835571289062,1,train
50096_MV,22.92423248291016,1,train
50099_PV,21.302621841430664,1,train
50099_TV,22.9307861328125,1,train
50099_MV,21.316354751586918,1,train
50100_AV,25.47652816772461,2,train
50100_MV,15.831822395324709,0,train
50103_AV,22.253026962280277,1,train
50103_PV,32.4857292175293,2,train
50103_TV,23.239805221557617,1,train
50103_MV,21.993392944335938,1,train
50104_AV,17.410865783691406,0,train
50104_PV,24.292156219482425,1,train
50104_TV,26.169034957885746,2,train
50104_MV,28.849952697753903,2,train
50105_PV,21.47544479370117,1,val
50105_TV,28.950950622558597,2,val
50105_MV,26.22846221923828,2,val
50109_AV,16.978290557861328,0,train
50109_PV,28.31094741821289,2,train
50109_TV,33.479732513427734,2,train
50109_MV,22.996835708618164,1,train
50111_AV,26.054187774658203,2,train
50111_PV,23.95564842224121,1,train
50111_TV,25.67431259155273,2,train
50111_MV,24.15676498413086,1,train
50113_AV,18.72041893005371,0,train
50113_PV,21.000158309936523,1,train
50113_TV,27.91915512084961,2,train
50113_MV,26.61824989318848,2,train
50115_AV,27.77717399597168,2,train
50115_PV_1,33.108177185058594,2,train
50115_PV_2,36.37052536010742,2,train
50115_TV_1,28.466279983520508,2,train
50115_TV_2,28.955272674560547,2,train
50115_MV,35.17228317260742,2,train
50117_PV,24.148399353027344,1,val
50117_TV,23.322498321533203,1,val
50117_MV,21.919857025146484,1,val
50118_PV,25.21274185180664,2,train
50118_TV,30.937997817993164,2,train
50118_MV,25.786216735839844,2,train
50119_PV,21.226900100708008,1,train
50121_PV,21.23395729064941,1,train
50121_TV,20.39408493041992,1,train
50122_PV,27.358360290527344,2,train
50122_TV,24.604576110839844,2,train
50122_MV,24.33972549438477,1,train
50125_PV,25.876144409179688,2,val
50125_TV,29.816028594970703,2,val
50125_MV,25.03120231628418,2,val
50126_AV,20.976577758789062,1,test
50126_PV,29.35817527770996,2,test
50126_TV,26.286470413208008,2,test
50126_MV,26.603809356689453,2,test
50127_AV,20.40726661682129,1,train
50127_PV,23.536277770996094,1,train
50127_TV,30.38532447814941,2,train
50127_MV,24.201128005981445,1,train
50128_AV,25.867992401123047,2,train
50128_PV,32.23134231567383,2,train
50128_TV,25.372386932373047,2,train
50128_MV,23.28799819946289,1,train
50129_AV,22.19206047058105,1,train
50129_PV,25.48906135559082,2,train
50129_TV,21.183311462402344,1,train
50129_MV,20.27602195739746,1,train
50133_MV,29.815399169921875,2,train
50136_AV,24.8851318359375,2,val
50136_MV,29.197296142578125,2,val
50137_PV,26.221271514892575,2,train
50137_TV,27.11634063720703,2,train
50137_MV,26.60561752319336,2,train
50138_AV,18.02619171142578,0,train
50138_MV,26.48617553710937,2,train
50141_AV,20.51963996887207,1,train
50142_AV,28.039878845214844,2,train
50142_MV,26.390668869018555,2,train
50143_PV,18.85392189025879,0,train
50143_TV,14.687012672424316,0,train
50145_MV,19.06211853027344,0,test
50146_MV,29.81825828552246,2,train
50149_PV,32.98265075683594,2,train
50149_MV,25.739303588867188,2,train
50150_AV,20.73053359985352,1,train
50150_PV,31.38129234313965,2,train
50150_TV,30.29619026184082,2,train
50150_MV,27.70458984375,2,train
50151_PV,20.559703826904297,1,test
50153_AV,30.24832534790039,2,train
50153_MV,36.76626205444336,2,train
50155_AV,17.245288848876953,0,train
50155_PV,22.77789306640625,1,train
50155_TV,17.561328887939453,0,train
50159_PV,23.08523368835449,1,train
50159_TV,23.51766586303711,1,train
50159_MV,30.603050231933597,2,train
50160_PV,24.066726684570312,1,val
50160_TV,27.176780700683597,2,val
50160_MV,19.3486270904541,0,val
50161_PV,24.54596710205078,2,train
50161_TV,19.009370803833008,0,train
50161_MV,23.679344177246094,1,train
50164_PV,15.987290382385254,0,train
50164_TV,26.7078857421875,2,train
50164_MV,18.31822967529297,0,train
50165_AV,28.74716567993164,2,train
50165_PV,30.11518669128418,2,train
50165_MV,24.15977668762207,1,train
50166_MV,23.99336051940918,1,train
50168_PV,19.78564071655273,0,val
50168_TV,21.535831451416016,1,val
50168_MV,20.07697296142578,0,val
50174_AV,20.793777465820312,1,test
50174_PV,18.762739181518555,0,test
50174_TV,27.411941528320312,2,test
50174_MV,18.37014961242676,0,test
50204_AV,25.68557357788086,2,train
50204_MV_1,25.68099975585937,2,train
50204_MV_2,33.48332595825195,2,train
50206_PV,23.009464263916016,1,train
50206_TV,25.121461868286133,2,train
50206_MV,19.417097091674805,0,train
50207_AV,29.606365203857425,2,train
50207_MV,22.37562370300293,1,train
50209_AV,26.227283477783203,2,train
50209_PV,31.240509033203125,2,train
50209_TV,28.51958465576172,2,train
50209_MV,25.272180557250977,2,train
50210_AV,21.357431411743164,1,train
50210_PV,23.93510627746582,1,train
50210_TV,21.400814056396484,1,train
50210_MV_1,20.99005126953125,1,train
50210_MV_2,21.910137176513672,1,train
50213_AV,23.129962921142575,1,train
50213_PV,25.676393508911133,2,train
50213_TV,29.95563697814941,2,train
50213_MV,25.22340965270996,2,train
50214_AV,20.97336196899414,1,train
50214_MV,23.180025100708008,1,train
50216_AV,20.832502365112305,1,train
50216_PV,27.69262313842773,2,train
50216_MV,27.195507049560547,2,train
50216_Phc_1,27.05220413208008,2,train
50216_Phc_2,26.17074203491211,2,train
50218_AV,20.492189407348636,1,train
50218_PV,24.710309982299805,2,train
50218_TV,26.09859848022461,2,train
50218_MV,25.96477508544922,2,train
50219_AV,22.36476707458496,1,train
50219_PV,23.619216918945312,1,train
50219_MV,28.688671112060547,2,train
50220_AV,24.27106475830078,1,train
50220_MV,17.632572174072266,0,train
50221_AV,19.590789794921875,0,train
50221_MV,23.816349029541016,1,train
50222_PV,19.051847457885746,0,train
50222_TV,21.483381271362305,1,train
50225_AV,22.30595588684082,1,val
50225_PV,39.79190444946289,2,val
50225_TV,33.91329574584961,2,val
50225_MV,33.02237701416016,2,val
50228_AV,17.89634895324707,0,val
50228_MV,29.928285598754883,2,val
50229_AV,19.16385078430176,0,train
50229_PV,30.19921875,2,train
50229_TV,28.445127487182617,2,train
50229_MV,20.378494262695312,1,train
50230_AV,17.207481384277344,0,train
50230_PV,26.702890396118164,2,train
50230_TV,24.417829513549805,1,train
50230_MV,26.13493156433105,2,train
50231_AV,20.031192779541016,0,train
50231_PV,28.6502742767334,2,train
50231_TV,31.20166778564453,2,train
50231_MV,24.52256393432617,2,train
50233_AV,19.916763305664062,0,train
50233_PV,25.22706794738769,2,train
50233_TV,33.993995666503906,2,train
50233_MV,24.926483154296875,2,train
50238_AV,13.54074001312256,0,train
50238_PV,17.184934616088867,0,train
50238_TV,19.73442840576172,0,train
50238_MV,16.38373374938965,0,train
50239_AV,27.059324264526367,2,val
50239_PV,29.21298217773437,2,val
50239_TV,25.495824813842773,2,val
50239_MV,21.912710189819336,1,val
50241_MV,24.027088165283203,1,train
50244_AV,18.634754180908203,0,val
50244_PV,25.202930450439453,2,val
50244_TV,24.627574920654297,2,val
50244_MV,25.97886657714844,2,val
50247_AV,27.598407745361328,2,test
50247_PV,25.73184585571289,2,test
50247_MV,40.48247528076172,2,test
50249_AV_1,28.92730712890625,2,train
50249_AV_2,28.108009338378903,2,train
50249_MV,32.363250732421875,2,train
50250_AV,33.257545471191406,2,train
50250_PV,20.42138671875,1,train
50250_TV_1,26.5443115234375,2,train
50250_TV_2,25.689884185791016,2,train
50250_MV,22.580093383789062,1,train
50251_AV,19.22742080688477,0,train
50251_MV,25.97498893737793,2,train
50254_AV,21.45611572265625,1,test
50254_PV,27.347702026367188,2,test
50254_TV,21.860279083251957,1,test
50254_MV,19.938182830810547,0,test
50255_AV,22.867374420166016,1,test
50255_MV,27.287738800048828,2,test
50256_AV,21.938793182373047,1,test
50256_PV,16.717208862304688,0,test
50256_TV,23.470104217529297,1,test
50256_MV,25.08589553833008,2,test
50258_PV,22.994102478027344,1,train
50258_TV,21.51142120361328,1,train
50258_MV,28.809898376464844,2,train
50260_AV,16.42637062072754,0,train
50260_PV,26.051963806152344,2,train
50260_TV,27.81206512451172,2,train
50260_MV,27.362957000732425,2,train
50261_AV,14.612953186035156,0,train
50261_PV,23.61463928222656,1,train
50261_TV,29.913530349731445,2,train
50261_MV,26.461071014404297,2,train
50263_AV,18.660091400146484,0,train
50263_PV,20.78719711303711,1,train
50263_TV_1,29.03780937194824,2,train
50263_TV_2,27.92190742492676,2,train
50263_MV,26.773176193237305,2,train
50264_AV,23.506967544555664,1,val
50264_MV,27.11625862121582,2,val
50271_AV,20.19131088256836,0,train
50271_PV,24.3068962097168,1,train
50271_TV,25.4700870513916,2,train
50271_MV,20.58571052551269,1,train
50272_AV,19.0445556640625,0,test
50272_PV,21.57144546508789,1,test
50272_TV,19.37933158874512,0,test
50272_MV,18.72708511352539,0,test
50273_AV,21.52003288269043,1,train
50273_PV,25.575916290283203,2,train
50273_TV,25.290367126464844,2,train
50273_MV,19.15045928955078,0,train
50275_AV,15.059938430786133,0,train
50275_PV,24.38524627685547,1,train
50275_TV,26.55286979675293,2,train
50275_MV,23.05272674560547,1,train
50276_AV,16.566661834716797,0,train
50276_PV,22.408876419067383,1,train
50276_TV,30.12436294555664,2,train
50276_MV,23.142963409423828,1,train
50277_AV,16.654041290283203,0,val
50277_PV,19.435163497924805,0,val
50277_TV,24.768707275390625,2,val
50277_MV,18.090227127075195,0,val
50278_AV,19.11512565612793,0,train
50278_PV,19.153045654296875,0,train
50278_TV,20.747434616088867,1,train
50278_MV,21.500247955322266,1,train
50280_AV,27.194490432739254,2,test
50280_PV,34.13296890258789,2,test
50280_TV,37.42783737182617,2,test
50281_PV,12.67234706878662,0,train
50281_TV,18.46624755859375,0,train
50281_MV,21.40885162353516,1,train
50284_AV,18.463342666625977,0,train
50284_PV,21.89229202270508,1,train
50284_TV,30.24864196777344,2,train
50284_MV,17.936691284179688,0,train
50285_MV,25.034818649291992,2,train
50289_AV,22.9164981842041,1,train
50289_PV,26.15171432495117,2,train
50289_TV,26.773983001708984,2,train
50289_MV,19.82589340209961,0,train
50291_AV,40.23164367675781,2,val
50291_PV,25.69299697875977,2,val
50291_MV,31.96878242492676,2,val
50295_AV,17.78246307373047,0,train
50295_PV,17.969589233398438,0,train
50295_TV,21.65839385986328,1,train
50295_MV,16.18840217590332,0,train
50296_AV,13.454648971557615,0,train
50296_PV,26.1159725189209,2,train
50296_TV,23.53012466430664,1,train
50296_MV,15.61532211303711,0,train
50297_AV,12.67001724243164,0,train
50297_PV,15.566930770874023,0,train
50297_TV,26.198455810546875,2,train
50297_MV,23.156539916992188,1,train
50298_PV,16.074386596679688,0,train
50298_TV,21.39434814453125,1,train
50298_MV,14.50403118133545,0,train
50299_AV,16.941356658935547,0,train
50299_PV,19.519115447998047,0,train
50299_TV,20.650466918945312,1,train
50299_MV,14.37782859802246,0,train
50303_AV,23.181989669799805,1,train
50303_PV,26.057558059692383,2,train
50303_MV,21.3608512878418,1,train
50306_AV,19.595394134521484,0,train
50306_PV,26.32756996154785,2,train
50306_TV,29.17706680297852,2,train
50306_MV,17.600234985351562,0,train
50311_PV,26.5905876159668,2,train
50311_TV,17.401721954345703,0,train
50311_MV,14.298545837402344,0,train
50312_AV,19.69404602050781,0,train
50312_PV,17.9892635345459,0,train
50312_TV,20.41022491455078,1,train
50312_MV,16.07840347290039,0,train
50314_AV,25.046119689941406,2,train
50314_PV,27.962495803833008,2,train
50314_TV,35.4127311706543,2,train
50314_MV,27.325746536254883,2,train
50316_AV,22.81734848022461,1,val
50316_MV,26.46816062927246,2,val
50317_AV,16.04595184326172,0,train
50317_PV,15.147690773010254,0,train
50317_TV,22.197816848754883,1,train
50318_AV,21.92674827575684,1,train
50318_PV,17.25959587097168,0,train
50318_TV,21.480195999145508,1,train
50318_MV,26.75173759460449,2,train
50319_AV,14.013887405395508,0,val
50319_PV,14.932788848876951,0,val
50319_TV,23.80904006958008,1,val
50319_MV,18.867446899414062,0,val
50321_AV_1,17.927221298217773,0,test
50321_AV_2,16.968860626220703,0,test
50321_MV_1,20.91666412353516,1,test
50321_MV_2,23.460081100463867,1,test
50323_AV,18.03870964050293,0,train
50323_PV,27.600360870361328,2,train
50323_TV,23.40964126586914,1,train
50323_MV,20.230531692504883,1,train
50325_AV,18.40447235107422,0,test
50325_PV,25.12171173095703,2,test
50325_TV,22.04738426208496,1,test
50325_MV,20.052623748779297,0,test
50326_AV,28.78448486328125,2,test
50326_PV,28.7774658203125,2,test
50326_TV,31.459152221679688,2,test
50326_MV,29.7412223815918,2,test
50327_AV,15.990814208984377,0,train
50327_PV,17.552845001220703,0,train
50327_TV,23.99163055419922,1,train
50327_MV,17.687807083129883,0,train
50331_AV,19.169235229492188,0,train
50331_PV,19.49128150939941,0,train
50331_TV,21.573331832885746,1,train
50331_MV,20.49813842773437,1,train
50332_AV,30.780689239501957,2,test
50332_MV,25.4489688873291,2,test
50334_AV,19.10721969604492,0,test
50334_PV,18.285844802856445,0,test
50334_TV,21.246002197265625,1,test
50334_MV,14.891904830932615,0,test
50335_AV,22.97696685791016,1,train
50335_MV,25.49050521850586,2,train
50336_PV,26.78703117370605,2,train
50336_TV,24.7990837097168,2,train
50336_MV,21.40091133117676,1,train
50337_PV,24.628177642822266,2,train
50337_TV,25.196123123168945,2,train
50337_MV,24.75848197937012,2,train
50339_AV,21.50813865661621,1,train
50339_PV,28.83529281616211,2,train
50339_TV,32.494911193847656,2,train
50339_MV,19.53231430053711,0,train
50341_AV,28.20096015930176,2,train
50341_MV,27.800329208374023,2,train
50342_AV,35.15143966674805,2,train
50342_MV,33.481346130371094,2,train
50343_AV,19.74603843688965,0,train
50343_PV,23.34517288208008,1,train
50343_TV,31.365577697753903,2,train
50343_MV,25.22022247314453,2,train
50345_PV,19.75776481628418,0,val
50345_TV,20.60467529296875,1,val
50345_MV,19.932302474975582,0,val
50348_AV_1,16.998233795166016,0,train
50348_AV_2,19.038345336914062,0,train
50348_PV,22.663965225219727,1,train
50348_TV,22.7454776763916,1,train
50348_MV,22.14287567138672,1,train
50349_AV,18.23876953125,0,test
50349_PV,14.916983604431152,0,test
50349_TV,19.68689727783203,0,test
50349_MV,12.917109489440918,0,test
50350_AV,20.45669174194336,1,val
50350_PV,17.712182998657227,0,val
50350_TV,25.040502548217773,2,val
50350_MV,22.54136657714844,1,val
50352_AV,18.119178771972656,0,val
50352_PV,18.321502685546875,0,val
50352_TV,18.82477569580078,0,val
50354_AV,15.990793228149414,0,train
50354_PV,24.464126586914062,1,train
50354_TV,25.411226272583008,2,train
50354_MV,19.981813430786133,0,train
50359_AV,21.165945053100582,1,test
50359_PV,17.898479461669922,0,test
50359_TV,22.34558486938477,1,test
50359_MV,19.825336456298828,0,test
50375_AV,18.72552490234375,0,train
50375_MV,25.90310287475586,2,train
50379_AV,20.061662673950195,0,train
50379_PV,29.127471923828125,2,train
50379_TV,24.55370140075684,2,train
50379_MV,23.137985229492188,1,train
50384_AV,19.008180618286133,0,train
50384_PV,30.03363800048828,2,train
50384_TV,21.57310676574707,1,train
50384_MV,27.838247299194336,2,train
50385_AV,26.16454315185547,2,val
50385_PV,21.73567771911621,1,val
50385_TV,24.385040283203125,1,val
50385_MV,26.34342193603516,2,val
50386_AV,19.329668045043945,0,val
50386_PV,28.722007751464844,2,val
50386_TV,27.463520050048828,2,val
50386_MV,18.19744682312012,0,val
50388_AV,22.79598617553711,1,train
50388_PV,32.72370910644531,2,train
50388_TV,27.848556518554688,2,train
50388_MV,21.04093742370605,1,train
50391_PV,20.50613021850586,1,val
50391_TV,28.238866806030277,2,val
50391_MV,25.80396270751953,2,val
50393_AV,20.64042854309082,1,train
50393_PV,26.98510360717773,2,train
50393_TV,29.407230377197266,2,train
50393_MV,26.04572105407715,2,train
50619_AV,18.161006927490234,0,test
50619_PV,17.75147247314453,0,test
50619_TV,22.983367919921875,1,test
50619_MV,22.05392837524414,1,test
50620_PV,19.355365753173828,0,train
50620_TV,19.87911033630371,0,train
50621_PV,23.80169677734375,1,test
50624_AV,18.670690536499023,0,train
50624_PV,26.527624130249023,2,train
50624_TV,22.57075500488281,1,train
50624_MV,14.940447807312012,0,train
50628_AV,23.09768295288086,1,train
50628_MV,19.226146697998047,0,train
50629_AV,23.69314384460449,1,train
50629_MV,23.895092010498047,1,train
50631_AV,39.37700271606445,2,train
50631_MV,35.21727752685547,2,train
50635_AV,17.145845413208008,0,train
50635_PV,22.653867721557617,1,train
50635_TV,21.28347587585449,1,train
50635_MV,19.149259567260746,0,train
50639_PV,24.68603515625,2,val
50639_TV,21.733089447021484,1,val
50641_PV,31.03837776184082,2,train
50641_TV,21.82318115234375,1,train
50641_MV,17.19194221496582,0,train
50643_AV,20.67902374267578,1,train
50643_MV,18.464427947998047,0,train
50644_AV,18.869644165039062,0,train
50644_MV,27.226543426513672,2,train
50645_AV,23.518638610839844,1,val
50645_PV,22.895263671875,1,val
50645_TV,23.159807205200195,1,val
50645_MV,22.37553596496582,1,val
50646_AV,28.097278594970703,2,train
50646_MV,38.69350814819336,2,train
50647_AV,24.116130828857425,1,train
50647_PV,28.080711364746094,2,train
50647_TV,26.467845916748047,2,train
50647_MV,21.08326911926269,1,train
50649_AV,21.105491638183597,1,train
50649_PV,29.785552978515625,2,train
50649_TV,26.195009231567383,2,train
50649_MV,22.872779846191406,1,train
50652_AV,27.350730895996094,2,train
50652_MV,24.95054626464844,2,train
50654_AV,34.16226959228516,2,test
50654_PV,43.82307052612305,2,test
50654_TV,43.5263900756836,2,test
50655_AV,22.333175659179688,1,val
50655_MV,23.802330017089844,1,val
50656_AV,17.1805419921875,0,val
50656_PV,23.365880966186523,1,val
50656_TV_1,22.82370376586914,1,val
50656_TV_2,26.28782081604004,2,val
50656_MV,22.821887969970703,1,val
50657_AV,20.7452392578125,1,train
50657_PV,25.214147567749023,2,train
50657_TV,29.23756599426269,2,train
50657_MV,22.44498062133789,1,train
50658_AV,22.073246002197266,1,train
50658_PV,28.28280639648437,2,train
50658_TV,27.414701461791992,2,train
50658_MV,22.86344718933105,1,train
50659_AV,18.44406509399414,0,train
50659_PV,25.86232185363769,2,train
50659_TV,28.85167694091797,2,train
50659_MV,24.920482635498047,2,train
50661_AV,25.314085006713867,2,val
50661_MV,29.032737731933597,2,val
50664_AV,24.421783447265625,1,train
50664_PV,30.53779602050781,2,train
50665_PV,18.808761596679688,0,train
50665_TV,16.425891876220703,0,train
50667_AV,18.170602798461918,0,val
50667_PV,23.070152282714844,1,val
50667_TV,22.56742477416992,1,val
50667_MV,21.721969604492188,1,val
50668_AV,18.208660125732425,0,train
50668_PV,25.22245216369629,2,train
50668_TV,23.62108421325684,1,train
50668_MV,19.591876983642575,0,train
50669_AV,17.49750328063965,0,train
50669_PV,28.475133895874023,2,train
50669_TV,26.16664695739746,2,train
50669_MV,26.21648597717285,2,train
50671_MV,28.18006896972656,2,test
50673_AV,22.560213088989254,1,train
50673_PV,27.6639461517334,2,train
50673_TV,26.70587158203125,2,train
50673_MV,20.84331321716309,1,train
50676_AV,22.481067657470703,1,train
50676_PV,28.451637268066406,2,train
50676_TV,24.269027709960938,1,train
50676_MV,26.733179092407227,2,train
50677_AV,23.235515594482425,1,test
50677_PV,19.27828598022461,0,test
50678_PV,26.469287872314453,2,train
50678_TV,19.99866104125977,0,train
50678_MV,19.802345275878903,0,train
50680_AV,22.2658805847168,1,train
50680_PV,28.346359252929688,2,train
50680_TV,28.073530197143555,2,train
50680_MV,29.480573654174805,2,train
50685_AV,25.810243606567383,2,train
50685_TV,28.87195587158203,2,train
50685_MV,28.28092193603516,2,train
50687_AV,21.262962341308597,1,train
50687_PV,26.45224380493164,2,train
50687_TV,32.11955642700195,2,train
50687_MV,26.942848205566406,2,train
50688_AV,21.262073516845703,1,train
50688_PV,24.540102005004883,2,train
50688_TV,25.239421844482425,2,train
50688_MV,21.39238166809082,1,train
50689_AV,22.446094512939453,1,train
50689_PV,26.895339965820312,2,train
50689_TV,22.66444206237793,1,train
50689_MV,22.360057830810547,1,train
50690_AV,17.769256591796875,0,train
50690_PV,26.02193069458008,2,train
50690_TV,19.99078750610352,0,train
50690_MV_1,18.53477668762207,0,train
50690_MV_2,18.75641441345215,0,train
50691_AV,20.07235336303711,0,test
50691_PV,24.98935890197754,2,test
50691_TV,26.58938407897949,2,test
50691_MV,16.470111846923828,0,test
50693_AV,22.25374412536621,1,test
50693_PV,23.27727508544922,1,test
50693_TV,25.086414337158203,2,test
50693_MV,22.242862701416016,1,test
50699_AV,19.724367141723636,0,train
50699_PV,25.78172492980957,2,train
50699_TV,26.18585777282715,2,train
50699_MV,28.5831298828125,2,train
50704_AV,19.53961563110352,0,val
50704_MV,22.38142967224121,1,val
50707_AV,16.58964729309082,0,train
50707_TV,28.245752334594727,2,train
50707_MV,24.60209274291992,2,train
50708_AV,23.6966495513916,1,train
50708_PV,21.4492244720459,1,train
50708_TV,28.791893005371094,2,train
50708_MV,23.778379440307617,1,train
50713_AV,22.62293815612793,1,train
50713_PV,26.19085693359375,2,train
50713_TV,23.91656494140625,1,train
50713_MV,20.90753555297852,1,train
50715_AV,17.19552993774414,0,val
50715_PV,26.195770263671875,2,val
50715_TV,27.92537879943848,2,val
50715_MV,23.484743118286133,1,val
50720_AV,22.626605987548828,1,train
50720_MV,22.544403076171875,1,train
50721_AV,22.797195434570312,1,train
50721_PV,28.136398315429688,2,train
50721_TV,32.17266845703125,2,train
50721_MV,28.293930053710938,2,train
50722_PV,18.58681869506836,0,val
50722_TV,26.819446563720703,2,val
50722_MV,25.42791557312012,2,val
50723_AV,26.68410301208496,2,train
50723_PV,32.75544738769531,2,train
50723_TV,29.04431533813477,2,train
50723_MV,21.087345123291016,1,train
50725_AV,26.66239547729492,2,train
50725_PV,34.03532409667969,2,train
50725_TV,33.972591400146484,2,train
50725_MV,26.10489273071289,2,train
50727_AV,19.65336227416992,0,train
50727_MV,22.81400489807129,1,train
50729_AV,19.09227752685547,0,train
50729_MV,26.38212203979492,2,train
50731_PV,23.155193328857425,1,train
50731_TV,31.645601272583008,2,train
50731_MV,27.0853328704834,2,train
50732_AV,23.955602645874023,1,train
50732_PV,32.70314407348633,2,train
50732_TV,31.990766525268555,2,train
50732_MV,25.566638946533203,2,train
50734_AV,18.951772689819336,0,train
50734_PV,18.765493392944336,0,train
50734_TV,18.810701370239254,0,train
50734_MV,18.42413902282715,0,train
50734_Phc,21.738094329833984,1,train
50735_AV,19.65578269958496,0,train
50735_PV,23.672178268432617,1,train
50735_TV,22.985952377319336,1,train
50735_MV,28.41998863220215,2,train
50736_AV,19.31456756591797,0,train
50736_PV,26.88433074951172,2,train
50736_TV,18.380847930908203,0,train
50737_PV,21.50958824157715,1,val
50737_TV,24.74514961242676,2,val
50737_MV,18.56139373779297,0,val
50738_AV,19.721811294555664,0,test
50738_PV,27.952327728271484,2,test
50738_TV,26.0080623626709,2,test
50738_MV,19.38768577575684,0,test
50739_AV,24.28362274169922,1,test
50739_MV,26.98652648925781,2,test
50740_AV,15.270933151245115,0,train
50740_PV,26.765159606933597,2,train
50740_TV,22.534055709838867,1,train
50740_MV,19.046899795532227,0,train
50742_AV,16.32088279724121,0,train
50742_PV,24.64863586425781,2,train
50742_TV,22.80404281616211,1,train
50742_MV,19.88409423828125,0,train
50743_AV_1,21.49452018737793,1,test
50743_AV_2,21.41697883605957,1,test
50743_AV_3,24.657323837280277,2,test
50743_MV,24.31815719604492,1,test
50744_AV,17.74896812438965,0,val
50744_PV,26.66271209716797,2,val
50744_TV,26.394384384155277,2,val
50744_MV,26.131898880004883,2,val
50746_AV,20.599796295166016,1,train
50746_PV,24.515226364135746,1,train
50746_TV,24.51674461364746,1,train
50746_MV,27.66700935363769,2,train
50747_AV,21.020893096923828,1,train
50747_PV,32.03584671020508,2,train
50747_TV,25.429182052612305,2,train
50747_MV,28.983125686645508,2,train
50748_AV,20.987585067749023,1,val
50748_MV,24.55509376525879,2,val
50749_AV,20.924396514892575,1,test
50749_PV,21.72365379333496,1,test
50749_TV,34.066551208496094,2,test
50749_MV,33.01128005981445,2,test
50751_AV,21.89846420288086,1,train
50751_PV,27.591842651367188,2,train
50751_TV,28.96476554870605,2,train
50751_MV,25.74665069580078,2,train
50752_AV,16.871828079223633,0,train
50752_PV,27.418214797973636,2,train
50752_TV,31.32058906555176,2,train
50752_MV,27.54892349243164,2,train
50753_AV,15.173635482788086,0,train
50753_PV,23.69614028930664,1,train
50753_TV,29.09726905822754,2,train
50753_MV,28.251235961914062,2,train
50754_AV,18.866079330444336,0,train
50754_PV,26.35909080505371,2,train
50754_TV,24.25387382507324,1,train
50754_MV,23.81614875793457,1,train
50756_AV,20.165184020996094,0,train
50756_PV,20.51593589782715,1,train
50756_TV,25.438690185546875,2,train
50756_MV,30.197967529296875,2,train
50757_AV,16.09248924255371,0,val
50757_PV,25.161849975585938,2,val
50757_TV,30.699466705322266,2,val
50757_MV,16.98782730102539,0,val
50758_AV,19.30494499206543,0,train
50758_PV,30.095386505126957,2,train
50758_TV,23.602792739868164,1,train
50758_MV,20.57295227050781,1,train
50762_AV,18.11271858215332,0,train
50762_PV,20.37166976928711,1,train
50762_TV,22.87014389038086,1,train
50762_MV,22.998291015625,1,train
50763_AV,16.46538734436035,0,val
50763_PV,27.148780822753903,2,val
50763_TV,26.882137298583984,2,val
50763_MV,21.24245834350586,1,val
50766_AV,15.115443229675291,0,train
50766_PV,14.832103729248049,0,train
50766_TV,23.53121757507324,1,train
50766_MV,19.448257446289062,0,train
50768_AV,24.178438186645508,1,train
50770_AV,22.00728988647461,1,train
50770_PV,24.033824920654297,1,train
50770_TV,21.551944732666016,1,train
50770_MV,30.18171501159668,2,train
50771_AV,19.79024314880371,0,test
50771_PV,25.37261009216309,2,test
50771_TV,27.92695617675781,2,test
50771_MV,25.628698348999023,2,test
50772_AV,28.796749114990234,2,train
50772_PV,28.170988082885746,2,train
50772_MV,28.281286239624023,2,train
50773_AV,17.061431884765625,0,val
50773_PV,25.300582885742188,2,val
50773_TV,31.53496742248535,2,val
50773_MV,28.738189697265625,2,val
50774_AV,18.90760803222656,0,train
50774_TV,24.638805389404297,2,train
50774_MV,27.477298736572266,2,train
50776_PV,28.07114791870117,2,val
50781_AV,19.128849029541016,0,train
50781_PV,28.689701080322266,2,train
50781_TV,23.519210815429688,1,train
50781_MV,25.437299728393555,2,train
50782_AV_1,19.97345733642578,0,train
50782_AV_2,20.26299476623535,1,train
50782_PV,18.63290023803711,0,train
50782_TV,18.81800842285156,0,train
50782_MV_1,17.307933807373047,0,train
50782_MV_2,12.485807418823242,0,train
50784_AV,18.85501480102539,0,train
50784_PV,28.306060791015625,2,train
50784_TV,26.26030921936035,2,train
50784_MV,24.28964614868164,1,train
50787_MV,35.180877685546875,2,test
50788_AV,19.414608001708984,0,train
50788_PV,29.144535064697266,2,train
50788_TV,23.764598846435547,1,train
50788_MV,24.45116806030273,1,train
50789_AV,17.729732513427734,0,val
50789_PV,28.332395553588867,2,val
50789_TV,30.359378814697266,2,val
50789_MV,30.50275611877441,2,val
50790_AV,23.7131462097168,1,train
50790_MV,27.105255126953125,2,train
50793_PV,11.882429122924805,0,val
50793_TV,16.97218894958496,0,val
50793_MV,20.026073455810547,0,val
50796_PV,27.777711868286133,2,train
50796_TV,25.61414909362793,2,train
50796_MV,22.31421661376953,1,train
50797_AV,16.501310348510742,0,train
50797_PV,22.856475830078125,1,train
50797_TV,17.07993507385254,0,train
50797_MV,18.465898513793945,0,train
50798_AV,19.562217712402344,0,train
50798_PV,29.987380981445312,2,train
50798_TV,22.72869110107422,1,train
50798_MV,22.95478057861328,1,train
50800_AV,19.339927673339844,0,train
50800_PV,22.106098175048828,1,train
50800_TV,15.009395599365234,0,train
50800_MV,26.183950424194336,2,train
50802_AV,18.491344451904297,0,train
50802_PV,25.651704788208008,2,train
50802_TV_1,27.586647033691406,2,train
50802_TV_2,26.802425384521484,2,train
50802_MV,23.50422096252441,1,train
50803_AV,15.991207122802734,0,val
50803_PV,17.469465255737305,0,val
50803_TV,21.31110954284668,1,val
50803_MV,25.78873062133789,2,val
50805_PV,19.007715225219727,0,train
50805_TV,24.520870208740234,2,train
50805_MV,22.64324188232422,1,train
50807_AV,16.44440460205078,0,train
50807_PV,18.01740455627441,0,train
50807_TV,26.61937522888184,2,train
50807_MV,21.918182373046875,1,train
50812_AV,14.5713472366333,0,val
50812_PV,25.309370040893555,2,val
50812_TV,27.89647102355957,2,val
50812_MV,25.260772705078125,2,val
50815_AV,13.982599258422852,0,test
50815_PV,24.144136428833008,1,test
50815_TV,18.42273330688477,0,test
50815_MV,12.397942543029783,0,test
50818_AV,25.79882049560547,2,train
50818_PV,28.73569679260254,2,train
50818_TV,28.797243118286133,2,train
50818_MV,30.130882263183597,2,train
50819_AV,18.635557174682617,0,train
50819_PV,26.080591201782227,2,train
50819_TV,27.728626251220703,2,train
50819_MV,23.07461166381836,1,train
50820_AV,16.250707626342773,0,train
50820_PV,19.97826766967773,0,train
50820_TV,25.488794326782227,2,train
50820_MV,21.577863693237305,1,train
50822_AV,15.321866035461426,0,train
50822_PV,17.798233032226562,0,train
50822_TV,22.88028907775879,1,train
50822_MV,16.591188430786133,0,train
50826_AV,16.547103881835938,0,test
50826_PV,26.270675659179688,2,test
50826_TV,21.63322639465332,1,test
50826_MV,19.2783145904541,0,test
50829_AV,19.012371063232425,0,train
50829_PV,26.52908134460449,2,train
50829_MV,24.22234344482422,1,train
51064_MV,11.080299377441406,0,train
51331_AV,14.80143928527832,0,test
51331_PV,24.043258666992188,1,test
51331_TV,20.75835418701172,1,test
51331_MV,20.49032592773437,1,test
55945_AV,17.434213638305664,0,train
55945_PV,14.724188804626465,0,train
55945_TV,20.887454986572266,1,train
55945_MV,18.785703659057617,0,train
57700_PV,23.323959350585938,1,train
57700_TV,27.44443130493164,2,train
57700_MV,17.707780838012695,0,train
57706_AV,16.55915069580078,0,train
57706_PV,16.777666091918945,0,train
57706_TV,26.07024383544922,2,train
57706_MV,23.1368350982666,1,train
59536_AV,15.268669128417969,0,train
59536_MV,18.69511604309082,0,train
61117_AV,19.20571517944336,0,train
61117_PV,22.564956665039062,1,train
61117_TV,28.059864044189453,2,train
61117_MV,24.310848236083984,1,train
61610_AV,17.936147689819336,0,train
61610_PV,15.503454208374023,0,train
61610_TV,21.839353561401367,1,train
61610_MV,20.017662048339844,0,train
63456_AV,14.882172584533691,0,train
63456_PV,16.110706329345703,0,train
63456_TV,20.54547500610352,1,train
63456_MV,21.80755424499512,1,train
63581_AV,17.315105438232422,0,train
63581_PV,20.63752174377441,1,train
63581_TV,23.91760635375977,1,train
63581_MV,15.62043571472168,0,train
64256_PV,29.98760032653809,2,train
64256_TV,22.45183753967285,1,train
64256_MV,20.238121032714844,1,train
64715_PV,23.2947998046875,1,train
64715_TV,26.601776123046875,2,train
64715_MV,24.123899459838867,1,train
68182_AV,18.66708374023437,0,val
68182_PV,24.86511993408203,2,val
68182_TV,22.634998321533203,1,val
68182_MV,20.46578598022461,1,val
68186_AV,14.939732551574709,0,val
68186_PV,19.69364547729492,0,val
68186_TV,21.66303253173828,1,val
68186_MV,21.617582321166992,1,val
68194_AV,23.12320899963379,1,val
68194_PV,14.878891944885254,0,val
68194_TV,24.328155517578125,1,val
68194_MV,19.28494644165039,0,val
68204_AV,13.756391525268556,0,val
68204_PV,21.355884552001957,1,val
68204_TV,22.220909118652344,1,val
68204_MV,19.431167602539062,0,val
68213_AV,16.183841705322266,0,train
68213_PV,19.0202693939209,0,train
68213_TV,29.475317001342773,2,train
68213_MV,29.91868019104004,2,train
68219_AV,19.01603889465332,0,train
68219_PV,20.83087921142578,1,train
68219_TV,25.058744430541992,2,train
68219_MV,17.283584594726562,0,train
68222_AV,20.611083984375,1,train
68222_PV,20.46649742126465,1,train
68222_TV,29.221494674682617,2,train
68222_MV,24.50130653381348,1,train
68255_AV,16.817829132080078,0,test
68255_PV,27.76754570007324,2,test
68255_TV,24.130504608154297,1,test
68255_MV,26.895233154296875,2,test
68260_AV,13.49706745147705,0,train
68260_PV,15.978090286254885,0,train
68260_TV,23.989124298095703,1,train
68260_MV,21.317975997924805,1,train
68269_PV,37.536922454833984,2,val
68269_TV,39.0018424987793,2,val
68279_PV,19.57655143737793,0,test
68279_TV,16.859834671020508,0,test
68279_MV,18.602787017822266,0,test
68292_AV,13.710675239562988,0,train
68292_PV,17.576040267944336,0,train
68292_TV,25.734968185424805,2,train
68292_MV,24.535703659057617,2,train
68303_AV,25.108570098876957,2,train
68303_PV,29.4827823638916,2,train
68303_TV,23.11392593383789,1,train
68303_MV,21.68169403076172,1,train
68306_AV,20.15170288085937,0,train
68306_PV,33.03575134277344,2,train
68306_TV,31.40913963317871,2,train
68306_MV,26.51534080505371,2,train
68316_AV,18.71258544921875,0,train
68316_PV,25.77794075012207,2,train
68316_TV,24.52783203125,2,train
68316_MV,21.910493850708008,1,train
68318_AV,17.412818908691406,0,test
68318_PV,22.753143310546875,1,test
68318_TV,18.98344993591309,0,test
68318_MV,21.93390655517578,1,test
68327_AV,18.483871459960938,0,train
68327_PV,21.90904426574707,1,train
68327_TV,24.65633583068848,2,train
68327_MV,22.30464744567871,1,train
68337_AV,24.34540557861328,1,val
68337_PV,27.43505477905273,2,val
68337_TV,34.09164810180664,2,val
68337_MV,24.86302947998047,2,val
68359_AV,24.59294891357422,2,train
68359_PV,23.05292320251465,1,train
68359_TV,24.920509338378903,2,train
68359_MV,19.650814056396484,0,train
68363_AV,23.22913932800293,1,train
68363_MV,22.18108367919922,1,train
68368_AV,13.493228912353516,0,train
68368_PV,20.106895446777344,0,train
68368_TV,22.145864486694336,1,train
68368_MV,21.2753849029541,1,train
68374_AV,24.282209396362305,1,train
68374_MV,26.8123779296875,2,train
68377_AV,24.734378814697266,2,train
68377_PV,31.50245857238769,2,train
68377_TV,28.943790435791016,2,train
68377_MV,23.9329833984375,1,train
68379_AV,16.633737564086914,0,train
68379_PV,16.721166610717773,0,train
68379_TV,24.39163398742676,1,train
68379_MV,21.659242630004883,1,train
68394_PV,20.8642692565918,1,train
68394_MV,13.54663372039795,0,train
68395_PV,20.327220916748047,1,train
68395_TV,24.336328506469727,1,train
68404_PV,34.947959899902344,2,test
68404_TV,33.425567626953125,2,test
68404_MV,26.077438354492188,2,test
68406_AV,17.807634353637695,0,train
68406_PV,17.28611946105957,0,train
68406_TV,26.392105102539062,2,train
68406_MV,18.486785888671875,0,train
68407_AV,20.04118156433105,0,test
68407_PV,22.03950881958008,1,test
68407_TV,18.82868766784668,0,test
68407_MV,18.668794631958008,0,test
68412_AV,20.585018157958984,1,train
68412_PV,21.76037979125977,1,train
68412_TV,28.1851806640625,2,train
68412_MV,20.90757751464844,1,train
68413_AV,16.37934112548828,0,train
68413_PV,15.355015754699709,0,train
68413_TV,27.889938354492188,2,train
68413_MV,21.20991897583008,1,train
68419_AV,23.86392593383789,1,val
68419_PV,21.300270080566406,1,val
68419_TV,25.8051700592041,2,val
68419_MV,20.53591537475586,1,val
68423_AV,23.839635848999023,1,train
68423_PV,29.575328826904297,2,train
68423_TV,19.4935302734375,0,train
68423_MV,21.47012710571289,1,train
68425_AV,18.94647216796875,0,val
68425_PV,25.746665954589844,2,val
68425_TV,29.343854904174805,2,val
68425_MV,20.85223388671875,1,val
68427_AV,15.12158489227295,0,test
68427_PV,22.140016555786133,1,test
68427_TV,14.583003997802734,0,test
68427_MV,21.290884017944336,1,test
68431_AV,14.001641273498535,0,train
68431_PV,25.89854049682617,2,train
68431_TV,22.277700424194336,1,train
68431_MV,19.782621383666992,0,train
68432_AV,14.549699783325195,0,test
68432_PV,21.75641632080078,1,test
68432_TV,19.201881408691406,0,test
68432_MV,16.565670013427734,0,test
68435_AV,17.620861053466797,0,val
68435_MV,27.249561309814453,2,val
68436_AV,19.179851531982425,0,test
68436_PV,23.685302734375,1,test
68436_TV,27.655418395996094,2,test
68436_MV,30.201799392700195,2,test
68444_AV,14.90686321258545,0,val
68444_PV,15.961724281311035,0,val
68444_TV,22.98175811767578,1,val
68444_MV,19.52218437194824,0,val
68449_AV,17.66141700744629,0,train
68449_PV,21.50148582458496,1,train
68449_TV,20.48341560363769,1,train
68456_AV,28.301097869873047,2,test
68456_PV,23.59999084472656,1,test
68456_TV,27.283279418945312,2,test
68456_MV,20.324508666992188,1,test
68460_AV,15.136656761169434,0,val
68460_PV,23.356842041015625,1,val
68460_TV,21.36346435546875,1,val
68460_MV,14.901002883911133,0,val
68465_AV,17.46484375,0,val
68465_PV,20.43534469604492,1,val
68465_TV,22.440792083740234,1,val
68465_MV,18.943347930908203,0,val
68470_TV,26.666309356689453,2,train
68470_MV,21.14192008972168,1,train
68477_AV,17.148395538330078,0,train
68477_PV,19.93546295166016,0,train
68477_TV,20.10750770568848,0,train
68477_MV,20.055635452270508,0,train
68478_AV,14.710469245910645,0,train
68478_PV,21.280576705932617,1,train
68478_TV,17.63673210144043,0,train
68478_MV,19.73386573791504,0,train
68482_AV,18.44404602050781,0,train
68482_PV,23.62943649291992,1,train
68482_TV,25.04858016967773,2,train
68482_MV,25.831073760986328,2,train
68484_AV,21.00265312194824,1,train
68484_PV,25.256690979003903,2,train
68484_TV,24.9704647064209,2,train
68484_MV,22.189876556396484,1,train
68487_AV,19.499666213989254,0,test
68487_PV,20.217018127441406,0,test
68487_TV,24.600133895874023,2,test
68487_MV,23.90665054321289,1,test
68498_AV,17.73387908935547,0,val
68498_PV,19.95412826538086,0,val
68498_TV,24.82511329650879,2,val
68498_MV,23.49298858642578,1,val
68504_AV,17.758909225463867,0,val
68504_PV,23.97047996520996,1,val
68504_TV,25.303268432617188,2,val
68504_MV,22.38373565673828,1,val
68532_AV,16.46974754333496,0,train
68532_PV,17.68767547607422,0,train
68532_TV,16.90869140625,0,train
68532_MV,19.587461471557617,0,train
68545_AV,21.88606071472168,1,train
68545_PV,19.81614875793457,0,train
68545_TV,16.991579055786133,0,train
68545_MV,13.919486045837402,0,train
68560_AV,23.379371643066406,1,train
68560_PV,25.676464080810547,2,train
68560_TV,20.60101318359375,1,train
68560_MV,21.85460662841797,1,train
68567_AV,14.767064094543455,0,train
68567_PV,10.967758178710938,0,train
68567_TV,19.373313903808597,0,train
68567_MV,21.314598083496094,1,train
68582_AV,19.100067138671875,0,test
68582_PV,21.87944602966309,1,test
68582_TV,28.240034103393555,2,test
68582_MV,23.972166061401367,1,test
68624_AV,14.566917419433594,0,train
68624_PV,18.69049072265625,0,train
68624_TV,24.04515266418457,1,train
68624_MV,27.051631927490234,2,train
68632_AV,15.307798385620115,0,val
68632_PV,25.69800567626953,2,val
68632_TV,26.450822830200195,2,val
68646_AV,23.29557037353516,1,train
68646_PV,22.83521842956543,1,train
68646_TV,28.806175231933597,2,train
68646_MV,19.063793182373047,0,train
68659_AV,17.34610366821289,0,train
68659_PV,19.7851505279541,0,train
68659_TV,28.008224487304688,2,train
68659_MV,26.187145233154297,2,train
68660_AV,19.28978729248047,0,train
68660_PV,27.067481994628903,2,train
68660_TV,26.67575454711914,2,train
68660_MV,23.8544864654541,1,train
68682_AV,18.62687492370605,0,train
68682_PV,21.513002395629883,1,train
68682_TV,21.79349136352539,1,train
68682_MV,21.7451286315918,1,train
68698_AV,23.83736801147461,1,train
68698_PV,23.585298538208008,1,train
68698_TV,31.115612030029297,2,train
68698_MV,25.714569091796875,2,train
68702_AV,17.806180953979492,0,train
68702_PV,21.106597900390625,1,train
68702_TV,22.20845413208008,1,train
68702_MV,16.300806045532227,0,train
68705_AV,20.805694580078125,1,test
68705_PV,27.146825790405277,2,test
68705_TV,18.21502494812012,0,test
68705_MV,20.248924255371094,1,test
68708_AV,21.67355728149414,1,train
68708_PV,21.584697723388672,1,train
68708_TV,26.260799407958984,2,train
68708_MV,24.441490173339844,1,train
68711_AV,18.63987159729004,0,train
68711_PV,20.96064567565918,1,train
68711_TV,26.04476547241211,2,train
68711_MV,22.10304450988769,1,train
68737_AV,14.236083984375,0,train
68737_PV,22.33959007263184,1,train
68737_TV,29.18775177001953,2,train
68737_MV,26.671876907348636,2,train
68738_AV,17.986289978027344,0,train
68738_PV,18.75859832763672,0,train
68738_TV,27.260154724121094,2,train
68738_MV,17.425315856933594,0,train
68740_AV,24.99793243408203,2,train
68740_PV,23.06129646301269,1,train
68740_TV,22.020309448242188,1,train
68740_MV,19.335559844970703,0,train
68741_AV,15.039982795715332,0,train
68741_PV,25.28470230102539,2,train
68741_TV,16.98163604736328,0,train
68741_MV,19.809051513671875,0,train
68752_AV,26.60440444946289,2,train
68752_PV,32.235130310058594,2,train
68752_TV,32.09197998046875,2,train
68752_MV,27.910165786743164,2,train
68755_AV,15.574454307556152,0,test
68755_PV,25.050132751464844,2,test
68755_TV,27.85980224609375,2,test
68755_MV,25.11508560180664,2,test
68756_PV,21.035808563232425,1,train
68756_TV,14.81615924835205,0,train
68756_MV,21.67898941040039,1,train
68757_AV,38.0953483581543,2,train
68757_PV,21.94158935546875,1,train
68757_TV,26.84781265258789,2,train
68827_AV,15.696038246154783,0,train
68827_PV,19.81324005126953,0,train
68827_TV,18.75719451904297,0,train
68849_AV,21.16365623474121,1,train
68849_PV,19.067028045654297,0,train
68849_TV,22.58854866027832,1,train
68849_MV,17.062944412231445,0,train
68857_MV,22.21968460083008,1,train
68861_AV,14.84857940673828,0,test
68861_PV,18.87991714477539,0,test
68861_TV,18.252405166625977,0,test
68861_MV,13.182250022888184,0,test
68874_AV,21.022777557373047,1,test
68874_PV,22.72327041625977,1,test
68874_TV,22.97469139099121,1,test
68874_MV,20.67537498474121,1,test
68886_AV,15.396218299865724,0,test
68886_PV,16.689041137695312,0,test
68886_TV,25.468027114868164,2,test
68886_MV,27.8310489654541,2,test
68887_AV,36.23325729370117,2,train
68887_TV,28.338787078857425,2,train
68887_MV,25.89707565307617,2,train
68888_AV,31.81418228149414,2,train
68888_PV,20.536945343017575,1,train
68888_TV,21.664350509643555,1,train
68888_MV,18.642370223999023,0,train
68895_AV,17.7305908203125,0,val
68895_PV,26.41180229187012,2,val
68895_TV,23.093975067138672,1,val
68895_MV,26.615589141845703,2,val
68901_AV,16.464588165283203,0,train
68901_PV,22.78066635131836,1,train
68901_TV,26.185089111328125,2,train
68901_MV,20.976337432861328,1,train
68908_PV,25.66468811035156,2,train
68908_TV,19.16346740722656,0,train
68908_MV,20.67654037475586,1,train
68909_AV,18.646190643310547,0,test
68909_PV,19.96720123291016,0,test
68909_TV,20.029199600219727,0,test
68909_MV,19.303916931152344,0,test
68952_AV,13.83608627319336,0,train
68952_PV,22.539493560791016,1,train
68952_TV,24.717517852783203,2,train
68952_MV,24.4661865234375,1,train
69066_AV,26.300241470336918,2,test
69066_PV,24.30615997314453,1,test
69066_TV,23.74424743652344,1,test
69066_MV,24.286081314086918,1,test
69068_AV,26.16950798034668,2,train
69068_PV,26.44883155822754,2,train
69068_TV,26.028366088867188,2,train
69068_MV,19.46171188354492,0,train
69079_AV,25.831832885742188,2,val
69079_PV,20.33019256591797,1,val
69079_TV,22.710582733154297,1,val
69079_MV,22.095123291015625,1,val
69093_AV,20.74180793762207,1,val
69093_PV,16.947214126586914,0,val
69093_TV,29.395225524902344,2,val
69093_MV,27.893030166625977,2,val
69095_AV,15.26845932006836,0,train
69095_PV,15.43472385406494,0,train
69095_TV,28.500917434692383,2,train
69095_MV,22.079458236694336,1,train
69096_AV,21.75955581665039,1,test
69096_PV,25.933189392089844,2,test
69096_TV,26.815261840820312,2,test
69096_MV,27.419403076171875,2,test
69106_AV,17.62958335876465,0,test
69106_PV,21.487598419189453,1,test
69106_TV,30.859405517578125,2,test
69106_MV,25.407941818237305,2,test
69112_AV,20.89919853210449,1,train
69112_PV,22.567344665527344,1,train
69112_TV,21.454818725585938,1,train
69112_MV,19.476430892944336,0,train
69120_AV,20.75458335876465,1,train
69120_PV,27.814678192138672,2,train
69120_TV,22.97977638244629,1,train
69120_MV,22.98836708068848,1,train
69125_AV,20.8159294128418,1,test
69125_PV,19.865909576416016,0,test
69125_TV,24.01282119750977,1,test
69125_MV,21.69375228881836,1,test
69129_AV,13.000005722045898,0,train
69129_PV,20.910171508789062,1,train
69129_TV,18.48447608947754,0,train
69129_MV,20.873708724975582,1,train
69141_AV,18.062990188598636,0,val
69141_PV,20.564233779907227,1,val
69141_TV,24.21079444885254,1,val
69141_MV,24.836509704589844,2,val
69144_AV,21.59368896484375,1,train
69144_PV,20.58356475830078,1,train
69144_TV,27.090795516967773,2,train
69144_MV,24.98117446899414,2,train
69147_AV,24.40372467041016,1,train
69147_PV,29.505979537963867,2,train
69147_TV,23.578310012817383,1,train
69147_MV,17.903993606567383,0,train
69152_AV,18.68980407714844,0,train
69152_PV,22.062559127807617,1,train
69152_TV,26.50704574584961,2,train
69152_MV,24.66308212280273,2,train
69155_PV,18.180086135864254,0,val
69155_TV,22.951295852661133,1,val
69155_MV,27.452428817749023,2,val
69159_AV,18.81818008422852,0,train
69159_PV,22.788305282592773,1,train
69159_TV,22.066627502441406,1,train
69159_MV,25.1907901763916,2,train
69161_AV,18.593929290771484,0,train
69161_PV,22.02959442138672,1,train
69161_TV,18.938304901123047,0,train
69161_MV,15.508895874023438,0,train
69174_AV,16.710708618164062,0,val
69174_PV,24.052734375,1,val
69174_TV,26.37081527709961,2,val
69174_MV,23.49820709228516,1,val
69176_AV,18.49655532836914,0,train
69176_PV,16.75745391845703,0,train
69176_TV,28.03559875488281,2,train
69176_MV,23.8839111328125,1,train
69188_AV,17.585895538330078,0,train
69188_PV,26.01717185974121,2,train
69188_TV,24.0490837097168,1,train
69188_MV,22.28765869140625,1,train
70280_AV,24.024486541748047,1,test
70280_MV,25.79840850830078,2,test
72283_PV,18.497669219970703,0,train
72283_TV,25.27500343322754,2,train
72283_MV,22.97378921508789,1,train
73316_AV,22.319721221923828,1,train
73316_PV,24.533815383911133,2,train
73316_TV,22.74878692626953,1,train
73316_MV,23.65369033813477,1,train
73497_AV,21.53316116333008,1,train
73497_PV,22.23320198059082,1,train
73497_TV,22.525115966796875,1,train
73497_MV,23.05565643310547,1,train
74417_AV,18.02035140991211,0,train
74417_PV,22.93128967285156,1,train
74417_TV,23.086166381835938,1,train
74417_MV,27.519611358642575,2,train
74420_AV,15.941420555114746,0,val
74420_MV,22.627490997314453,1,val
75440_AV,15.967180252075195,0,val
75440_PV,17.6944580078125,0,val
75440_TV,14.751220703125,0,val
75440_MV,16.070262908935547,0,val
76240_AV,17.87225341796875,0,train
76240_PV,20.964847564697266,1,train
76240_TV,20.800294876098636,1,train
76240_MV,19.735170364379883,0,train
77373_AV,13.467001914978027,0,train
77373_PV,20.612117767333984,1,train
77373_TV,23.94500732421875,1,train
77373_MV,18.747116088867188,0,train
78280_AV,28.39791488647461,2,val
78280_MV,19.018312454223636,0,val
78592_AV,25.08272361755371,2,train
78592_PV,27.692157745361328,2,train
78592_TV,34.43701171875,2,train
78592_MV,26.74670791625977,2,train
80348_AV,17.49845314025879,0,train
80348_PV,23.234146118164062,1,train
80348_TV,27.513328552246094,2,train
80348_MV,22.421688079833984,1,train
81035_MV,16.64916229248047,0,train
81297_AV,22.18910217285156,1,train
81297_PV,23.84373664855957,1,train
81297_TV,25.07005882263184,2,train
81297_MV,20.117586135864254,0,train
81501_AV,16.805557250976562,0,train
81501_PV,19.16303062438965,0,train
81501_TV,24.083057403564453,1,train
81501_MV,16.703184127807617,0,train
81638_AV,19.29709243774414,0,train
81638_MV,22.808549880981445,1,train
82275_AV,22.191333770751957,1,train
82275_PV,19.80115127563477,0,train
83094_MV,26.951465606689453,2,test
84687_AV,18.820178985595703,0,test
84687_MV,24.332902908325195,1,test
84688_MV,20.249488830566406,1,train
84689_AV,16.094261169433594,0,val
84689_PV,22.216665267944336,1,val
84689_TV,16.254858016967773,0,val
84689_MV,20.403221130371094,1,val
84690_TV,28.28678131103516,2,test
84690_MV,29.5865421295166,2,test
84690_Phc,24.72400665283203,2,test
84692_AV,22.15300750732422,1,val
84692_PV,19.55541610717773,0,val
84692_TV,19.809799194335938,0,val
84692_MV,18.617656707763672,0,val
84693_AV,17.144390106201172,0,train
84693_PV,27.9642333984375,2,train
84693_TV,25.16630172729492,2,train
84693_MV,24.92856979370117,2,train
84695_AV,17.567346572875977,0,train
84695_PV,20.427677154541016,1,train
84695_TV,20.02703666687012,0,train
84695_MV,21.491544723510746,1,train
84696_AV,18.937349319458008,0,train
84696_PV,22.449989318847656,1,train
84696_TV,20.4682559967041,1,train
84696_MV,21.030925750732425,1,train
84697_AV,13.90922737121582,0,train
84697_PV,21.23410987854004,1,train
84697_TV,23.098237991333008,1,train
84697_MV,20.46575164794922,1,train
84699_AV,20.74288558959961,1,test
84699_PV,22.370023727416992,1,test
84699_TV,25.865583419799805,2,test
84699_MV,18.129981994628903,0,test
84702_PV,18.539331436157227,0,train
84702_TV,21.697416305541992,1,train
84702_MV,20.89322853088379,1,train
84704_PV,14.750154495239258,0,train
84706_AV,14.505553245544434,0,train
84706_PV,23.969959259033203,1,train
84706_TV,22.799959182739254,1,train
84706_MV,21.26405906677246,1,train
84708_AV,16.338483810424805,0,val
84708_MV,20.83571434020996,1,val
84709_AV,17.728620529174805,0,val
84709_PV,20.51885414123535,1,val
84709_TV,16.87401008605957,0,val
84709_MV,14.775590896606444,0,val
84710_AV,15.813343048095703,0,train
84710_PV,21.690099716186523,1,train
84710_TV,20.21454620361328,0,train
84710_MV,20.456342697143555,1,train
84711_AV,16.95248794555664,0,train
84711_PV,18.817934036254883,0,train
84711_TV,27.22276306152344,2,train
84711_MV,27.433748245239254,2,train
84713_AV,18.47084617614746,0,train
84713_PV,22.18265914916992,1,train
84713_TV,25.00978660583496,2,train
84714_AV,27.109508514404297,2,train
84714_TV,20.83938980102539,1,train
84714_MV,17.961292266845703,0,train
84716_AV,16.861047744750977,0,train
84716_PV,16.16066551208496,0,train
84716_TV,18.3872013092041,0,train
84716_MV,17.007431030273438,0,train
84718_AV,16.217418670654297,0,train
84718_PV,17.721975326538086,0,train
84718_TV,19.65211677551269,0,train
84718_MV,15.898486137390137,0,train
84721_AV,18.8673095703125,0,test
84721_PV,20.96133804321289,1,test
84721_TV,21.082176208496094,1,test
84721_MV,16.058712005615234,0,test
84724_AV,15.816226959228516,0,val
84724_PV,17.681100845336914,0,val
84724_TV,23.10445976257324,1,val
84724_MV,18.35589599609375,0,val
84725_PV,23.188770294189453,1,train
84725_TV,17.47957992553711,0,train
84725_MV,21.985679626464844,1,train
84727_AV,22.611202239990234,1,train
84727_PV,27.03214454650879,2,train
84727_TV,19.7961368560791,0,train
84727_MV,18.49759864807129,0,train
84730_AV,15.436151504516602,0,val
84730_PV,23.88740539550781,1,val
84730_TV,16.063533782958984,0,val
84730_MV,15.525720596313477,0,val
84731_MV,24.251415252685547,1,train
84732_AV,22.242618560791016,1,train
84732_MV,26.552400588989254,2,train
84733_AV,17.936405181884766,0,val
84733_PV,22.5727481842041,1,val
84733_TV,23.15616226196289,1,val
84733_MV,23.562936782836918,1,val
84734_AV,13.132207870483398,0,train
84734_PV,18.51558303833008,0,train
84734_TV,20.30254173278809,1,train
84734_MV,25.225160598754883,2,train
84735_AV,17.688560485839844,0,train
84735_PV,16.363115310668945,0,train
84735_TV,21.516433715820312,1,train
84735_MV,20.92740249633789,1,train
84738_AV,20.91808319091797,1,test
84738_PV,28.096769332885746,2,test
84738_TV,21.42704963684082,1,test
84738_MV,21.09552574157715,1,test
84740_AV,17.182071685791016,0,train
84740_PV,29.021652221679688,2,train
84740_TV,23.31350326538086,1,train
84740_MV,25.01018524169922,2,train
84742_AV,22.68935203552246,1,train
84742_PV,24.57357788085937,2,train
84742_TV,26.852331161499023,2,train
84742_MV,23.221303939819336,1,train
84743_AV,22.88412094116211,1,train
84743_PV,27.313411712646484,2,train
84743_TV,26.2947998046875,2,train
84743_MV,23.341880798339844,1,train
84749_AV,18.8089599609375,0,train
84749_PV,19.971397399902344,0,train
84749_TV,14.874914169311523,0,train
84749_MV,17.84851837158203,0,train
84750_AV,16.612590789794922,0,train
84750_PV,28.87894058227539,2,train
84750_TV,26.64858627319336,2,train
84750_MV,27.588979721069336,2,train
84751_AV,19.001201629638672,0,train
84751_PV,23.848249435424805,1,train
84751_TV,23.903749465942383,1,train
84751_MV,21.239307403564453,1,train
84753_AV,18.33230781555176,0,train
84753_PV,31.118114471435547,2,train
84753_TV,23.793407440185547,1,train
84753_MV,26.367698669433597,2,train
84754_AV,14.164480209350586,0,train
84754_TV,21.627531051635746,1,train
84754_MV,19.141639709472656,0,train
84758_AV,32.60367202758789,2,train
84758_PV,27.9558219909668,2,train
84758_TV,24.033710479736328,1,train
84758_MV,26.288982391357425,2,train
84760_PV,25.611913681030277,2,train
84760_TV,22.325061798095703,1,train
84760_MV,25.26274681091309,2,train
84761_AV,14.078283309936523,0,train
84761_PV,20.340106964111328,1,train
84761_TV,22.582204818725582,1,train
84761_MV,19.26522827148437,0,train
84762_AV,19.18124008178711,0,train
84762_PV,25.72857093811035,2,train
84762_TV,19.2037410736084,0,train
84762_MV,19.32562065124512,0,train
84764_AV,19.79770278930664,0,train
84764_PV,25.923961639404297,2,train
84764_TV,22.91625022888184,1,train
84764_MV,18.504547119140625,0,train
84768_PV,26.91706085205078,2,train
84768_TV,19.60675811767578,0,train
84769_PV,22.172048568725582,1,train
84769_MV,17.452909469604492,0,train
84775_AV,21.54001235961914,1,train
84775_PV,22.12596702575684,1,train
84775_TV,20.880355834960938,1,train
84775_MV,22.563552856445312,1,train
84776_AV,13.55451774597168,0,train
84776_PV,19.13875770568848,0,train
84776_TV,23.274337768554688,1,train
84776_MV,21.723663330078125,1,train
84778_AV,22.86376190185547,1,train
84778_PV,25.598934173583984,2,train
84778_TV,28.00077247619629,2,train
84778_MV,25.976585388183597,2,train
84779_AV,14.96681308746338,0,train
84779_PV,12.398749351501465,0,train
84779_TV,18.495132446289062,0,train
84779_MV,17.257795333862305,0,train
84780_AV,26.10664367675781,2,test
84780_PV,27.86893844604492,2,test
84780_TV,29.882701873779297,2,test
84780_MV,22.3594970703125,1,test
84784_AV,15.954604148864746,0,test
84784_MV,23.513051986694336,1,test
84785_AV,17.633636474609375,0,train
84785_PV,17.457189559936523,0,train
84785_TV,20.124122619628903,0,train
84785_MV,22.403865814208984,1,train
84786_AV,22.292585372924805,1,test
84786_PV,24.05577087402344,1,test
84786_MV,27.745141983032227,2,test
84790_AV,22.80503463745117,1,train
84793_AV,19.983089447021484,0,test
84793_PV,23.66079330444336,1,test
84793_TV,22.15175437927246,1,test
84793_MV,24.29629898071289,1,test
84796_AV,19.575706481933597,0,test
84796_MV,13.094459533691406,0,test
84798_AV,16.440078735351562,0,train
84798_PV,24.87229347229004,2,train
84798_TV,26.583402633666992,2,train
84798_MV,23.586692810058597,1,train
84799_AV,20.74264907836914,1,test
84799_PV,23.661222457885746,1,test
84799_TV,27.043750762939453,2,test
84799_MV,25.222286224365234,2,test
84802_AV,16.98114013671875,0,train
84802_PV,27.895687103271484,2,train
84802_TV,14.016281127929688,0,train
84802_MV,18.312150955200195,0,train
84803_AV,18.36728286743164,0,train
84803_PV,22.88242530822754,1,train
84803_TV,19.499610900878903,0,train
84803_MV,20.194137573242188,0,train
84804_MV,23.365863800048828,1,val
84805_AV,14.14157772064209,0,val
84805_PV,18.456104278564453,0,val
84805_TV,20.542293548583984,1,val
84805_MV,22.87133026123047,1,val
84807_AV,18.93373680114746,0,train
84807_MV,25.70820617675781,2,train
84808_AV,24.518821716308597,2,test
84808_PV,21.867067337036133,1,test
84808_TV,23.62685203552246,1,test
84808_MV,22.112564086914062,1,test
84809_AV,15.373416900634766,0,train
84809_PV,16.680757522583008,0,train
84809_TV,21.86903381347656,1,train
84809_MV,15.394143104553224,0,train
84813_AV,23.873708724975582,1,train
84813_PV,25.201318740844727,2,train
84813_TV,22.31290054321289,1,train
84813_MV,22.80502700805664,1,train
84814_AV,17.2530517578125,0,train
84814_PV,19.879297256469727,0,train
84815_AV,23.09156036376953,1,train
84815_PV,14.270844459533691,0,train
84815_TV,32.41429138183594,2,train
84815_MV,26.6232852935791,2,train
84822_AV,18.667293548583984,0,test
84822_PV,20.764923095703125,1,test
84822_TV,21.020700454711918,1,test
84822_MV,29.541223526000977,2,test
84823_AV,18.26207160949707,0,train
84823_PV,18.45291519165039,0,train
84823_TV,22.33547592163086,1,train
84823_MV,16.94167137145996,0,train
84824_AV,21.509122848510746,1,train
84824_MV,22.719390869140625,1,train
84826_AV,16.563573837280273,0,test
84826_PV,23.558290481567383,1,test
84826_TV,24.31155204772949,1,test
84826_MV,25.764801025390625,2,test
84829_AV,21.10912704467773,1,test
84829_PV,26.647375106811523,2,test
84829_TV,26.32632064819336,2,test
84829_MV,27.646453857421875,2,test
84831_AV,16.514436721801758,0,test
84831_PV,22.54094886779785,1,test
84831_TV,20.700788497924805,1,test
84831_MV,18.471954345703125,0,test
84834_AV,18.82790946960449,0,val
84834_PV,27.13006591796875,2,val
84834_TV,23.66349983215332,1,val
84834_MV,22.051921844482425,1,val
84835_AV,21.26198005676269,1,train
84835_PV,17.766984939575195,0,train
84835_TV,22.90479278564453,1,train
84835_MV,19.743986129760746,0,train
84838_AV,21.453763961791992,1,train
84838_PV,25.20814514160156,2,train
84838_TV,29.27558898925781,2,train
84838_MV,25.427669525146484,2,train
84839_AV,17.270946502685547,0,train
84839_PV,19.50399208068848,0,train
84839_TV,27.077150344848636,2,train
84839_MV,25.98131561279297,2,train
84840_TV,17.375768661499023,0,train
84840_MV,19.077661514282227,0,train
84851_AV,23.0415153503418,1,train
84851_PV,23.713397979736328,1,train
84851_TV,25.555513381958008,2,train
84851_MV,20.45927047729492,1,train
84852_AV,20.15164375305176,0,train
84852_PV,27.13558959960937,2,train
84852_TV,27.098773956298828,2,train
84852_MV,14.28957748413086,0,train
84853_AV,21.53530502319336,1,test
84853_PV,25.98709297180176,2,test
84853_TV,23.526626586914062,1,test
84853_MV,21.025829315185547,1,test
84854_AV,25.53882598876953,2,train
84854_PV,23.41263771057129,1,train
84854_TV,28.32958984375,2,train
84854_MV,20.698768615722656,1,train
84855_PV,18.57794570922852,0,train
84855_TV,29.606517791748047,2,train
84855_MV,23.289142608642575,1,train
84856_AV,18.92288017272949,0,train
84856_PV,17.241369247436523,0,train
84856_TV,20.95550537109375,1,train
84856_MV,23.582809448242188,1,train
84857_AV,23.698570251464844,1,train
84857_MV,24.056547164916992,1,train
84859_AV,17.125770568847656,0,test
84859_PV,21.498395919799805,1,test
84859_TV,25.49543190002441,2,test
84859_MV,21.593891143798828,1,test
84861_AV,19.400802612304688,0,train
84861_PV,21.58087539672852,1,train
84861_TV,26.024768829345703,2,train
84861_MV,25.306381225585938,2,train
84863_AV,17.305774688720703,0,train
84863_PV,21.377613067626957,1,train
84863_TV,23.858413696289062,1,train
84863_MV,20.39288711547852,1,train
84864_AV,21.20761489868164,1,train
84864_PV,27.195207595825195,2,train
84864_TV,30.888490676879883,2,train
84864_MV,28.851924896240234,2,train
84865_AV,18.70096969604492,0,val
84865_PV,23.84718894958496,1,val
84865_TV,23.830585479736328,1,val
84865_MV,21.9307804107666,1,val
84866_AV,18.224842071533203,0,train
84866_PV,19.368921279907227,0,train
84866_TV,30.34916114807129,2,train
84866_MV,30.28448486328125,2,train
84868_AV,16.892093658447266,0,val
84868_PV,23.993465423583984,1,val
84868_TV,25.83447265625,2,val
84868_MV,23.630619049072266,1,val
84870_AV,16.577198028564453,0,train
84870_PV,20.035694122314453,0,train
84870_TV,17.82845687866211,0,train
84870_MV,27.15800094604492,2,train
84874_AV,13.883966445922852,0,test
84874_PV,16.557830810546875,0,test
84874_TV,21.15404319763184,1,test
84874_MV,20.03574752807617,0,test
84876_AV,25.390037536621094,2,train
84876_MV,20.334444046020508,1,train
84877_AV,23.436033248901367,1,test
84877_PV,19.996604919433597,0,test
84877_TV,25.03630828857422,2,test
84877_MV,20.93427848815918,1,test
84878_AV,19.785755157470703,0,test
84878_PV,28.58838653564453,2,test
84878_TV,27.236793518066406,2,test
84878_MV,23.25885581970215,1,test
84879_AV,21.567487716674805,1,train
84879_PV,21.486312866210938,1,train
84879_TV,24.588600158691406,2,train
84879_MV,16.772003173828125,0,train
84881_AV,19.41515350341797,0,val
84881_PV,24.12845230102539,1,val
84881_TV,29.85487365722656,2,val
84881_MV,22.588478088378903,1,val
84882_AV,18.678884506225582,0,train
84882_PV,21.340675354003903,1,train
84882_TV,22.505725860595703,1,train
84882_MV,21.289608001708984,1,train
84883_AV,12.642584800720217,0,train
84883_PV,15.739341735839844,0,train
84883_TV,23.83278083801269,1,train
84883_MV,18.588417053222656,0,train
84884_AV,15.87730884552002,0,train
84884_PV,22.25516128540039,1,train
84884_TV,21.997034072875977,1,train
84884_MV,19.35894203186035,0,train
84885_AV,23.599822998046875,1,train
84885_MV,26.244007110595703,2,train
84887_AV,16.336910247802734,0,train
84887_PV,19.38896942138672,0,train
84887_TV,20.873735427856445,1,train
84887_MV,17.84244728088379,0,train
84890_AV,21.44859504699707,1,test
84890_PV,25.036827087402344,2,test
84890_TV,23.13385772705078,1,test
84890_MV,22.25724029541016,1,test
84893_AV,18.730918884277344,0,train
84893_PV,21.597511291503903,1,train
84894_AV,17.932849884033203,0,val
84894_PV,22.58650016784668,1,val
84894_TV,26.54241943359375,2,val
84894_MV,26.20478630065918,2,val
84896_AV,20.72572326660156,1,train
84896_PV,26.07062339782715,2,train
84896_TV,21.47879409790039,1,train
84896_MV,18.28899955749512,0,train
84912_AV,16.76508140563965,0,train
84912_PV,21.380033493041992,1,train
84912_TV,22.280405044555664,1,train
84912_MV,22.54758644104004,1,train
84917_AV,23.21495246887207,1,train
84917_PV,19.778642654418945,0,train
84917_TV,21.971046447753903,1,train
84917_MV,24.14640235900879,1,train
84918_PV,20.1267032623291,0,train
84920_AV,18.232086181640625,0,test
84920_PV,22.88465881347656,1,test
84920_TV,25.145118713378903,2,test
84920_MV,23.973411560058597,1,test
84921_AV,16.272014617919922,0,val
84921_PV,21.70565795898437,1,val
84921_TV,26.453968048095703,2,val
84921_MV,24.517898559570312,1,val
84922_AV,24.601118087768555,2,train
84922_MV,24.052305221557617,1,train
84923_AV,19.27496337890625,0,val
84923_PV,26.36598396301269,2,val
84923_TV,27.85550117492676,2,val
84923_MV,25.001850128173828,2,val
84928_AV,20.313201904296875,1,test
84928_PV,22.260963439941406,1,test
84928_TV,27.26250457763672,2,test
84928_MV,25.901466369628903,2,test
84930_AV,15.401147842407228,0,train
84930_PV,19.25590133666992,0,train
84930_TV,24.89490509033203,2,train
84930_MV,23.664249420166016,1,train
84931_AV,18.89300346374512,0,test
84931_PV,19.374156951904297,0,test
84931_TV,28.754676818847656,2,test
84931_MV,28.08553504943848,2,test
84933_AV,12.714301109313965,0,train
84933_PV,25.83750915527344,2,train
84933_TV,24.1444091796875,1,train
84933_MV,20.1923942565918,0,train
84935_AV,14.23754596710205,0,val
84935_PV,19.85625457763672,0,val
84935_TV,26.19098663330078,2,val
84935_MV,21.370849609375,1,val
84936_AV,14.277037620544434,0,train
84936_PV,15.330085754394531,0,train
84936_TV,21.872539520263672,1,train
84936_MV,16.22641944885254,0,train
84937_AV,15.501642227172852,0,train
84937_PV,18.44310569763184,0,train
84937_TV,17.26226234436035,0,train
84937_MV,20.82200050354004,1,train
84939_AV,17.65949058532715,0,train
84939_PV,27.621597290039062,2,train
84939_TV,23.40604019165039,1,train
84939_MV,21.186546325683597,1,train
84942_AV,13.769488334655762,0,train
84942_PV,16.29729461669922,0,train
84942_TV,16.38593292236328,0,train
84945_AV,29.406185150146484,2,train
84945_PV,20.32006072998047,1,train
84945_TV,29.444660186767575,2,train
84945_MV,34.15216064453125,2,train
84946_AV,22.92838859558105,1,train
84946_PV,19.24352264404297,0,train
84946_TV,26.32885360717773,2,train
84946_MV,24.666309356689453,2,train
84947_AV,16.816808700561523,0,val
84947_PV,20.624420166015625,1,val
84947_TV,20.162036895751957,0,val
84947_MV,25.18463516235352,2,val
84949_AV,13.415063858032228,0,train
84949_PV,17.258079528808594,0,train
84949_TV,25.569181442260746,2,train
84949_MV,23.93469619750977,1,train
84952_AV,10.268701553344728,0,train
84952_PV,17.818071365356445,0,train
84952_TV,14.906683921813965,0,train
84957_AV,20.197784423828125,0,test
84957_PV,24.345186233520508,1,test
84957_TV,29.279699325561523,2,test
84957_MV,25.807003021240234,2,test
84960_AV,21.107824325561523,1,val
84960_PV,15.592483520507812,0,val
84960_TV,20.97791862487793,1,val
84960_MV,20.27625274658203,1,val
84961_AV,14.514123916625977,0,train
84961_PV,16.78085708618164,0,train
84961_TV,20.62255477905273,1,train
84961_MV,20.03553771972656,0,train
84962_AV,16.59673309326172,0,train
84962_PV,20.59084701538086,1,train
84962_TV,18.54573631286621,0,train
84962_MV,18.77885627746582,0,train
84965_AV,20.333330154418945,1,train
84965_PV,23.533143997192383,1,train
84965_TV,30.083349227905277,2,train
84965_MV,17.367326736450195,0,train
84966_AV,16.025537490844727,0,train
84966_PV,16.392086029052734,0,train
84969_MV,34.98015594482422,2,train
84970_AV,23.4050350189209,1,train
84970_MV,20.91041755676269,1,train
84971_PV,20.31395149230957,1,train
84971_TV,24.08401870727539,1,train
84971_MV,21.812686920166016,1,train
84973_AV,13.98954963684082,0,val
84973_PV,21.338695526123047,1,val
84973_TV,19.17074584960937,0,val
84973_MV,15.89565372467041,0,val
84974_AV,19.97763442993164,0,train
84974_PV,32.17481231689453,2,train
84974_TV,24.116493225097656,1,train
84974_MV,22.637624740600582,1,train
84976_AV,16.369518280029297,0,train
84976_PV,21.358531951904297,1,train
84976_TV,22.505847930908203,1,train
84976_MV,20.663135528564453,1,train
84977_AV,19.44249725341797,0,train
84977_PV,13.06750774383545,0,train
84977_TV,24.28921127319336,1,train
84977_MV,20.64510726928711,1,train
84978_AV,20.08389663696289,0,train
84978_PV,27.52288055419922,2,train
84978_TV,25.13941192626953,2,train
84978_MV,21.49416732788086,1,train
84982_AV,15.246801376342772,0,val
84982_PV,23.42232131958008,1,val
84982_TV,24.56185531616211,2,val
84982_MV,19.598142623901367,0,val
84985_AV,26.75983047485352,2,train
84985_PV,31.72177124023437,2,train
84985_TV,23.588119506835938,1,train
84985_MV,21.562185287475582,1,train
84986_AV,11.37046718597412,0,val
84986_PV,14.719085693359377,0,val
84986_TV,23.356067657470703,1,val
84986_MV,20.785171508789062,1,val
84987_AV,19.343036651611328,0,train
84987_PV,21.064990997314453,1,train
84987_TV,17.92789077758789,0,train
84987_MV,13.817556381225586,0,train
84990_AV,16.12793731689453,0,train
84990_PV,19.833648681640625,0,train
84990_TV,24.64189720153809,2,train
84990_MV,19.695327758789062,0,train
84991_AV,14.825676918029783,0,train
84991_PV,25.79724502563477,2,train
84991_TV,26.137157440185547,2,train
84991_MV,21.4870548248291,1,train
84992_AV,18.92395401000977,0,train
84992_PV,17.86502456665039,0,train
84992_TV,18.92695999145508,0,train
84993_AV,16.97080421447754,0,train
84993_PV,22.006149291992188,1,train
84993_TV,27.24571418762207,2,train
84993_MV,23.913299560546875,1,train
84994_AV,17.186199188232422,0,train
84994_PV,16.076919555664062,0,train
84994_TV,20.04972267150879,0,train
84994_MV,20.292518615722656,1,train
84996_AV,14.607691764831545,0,train
84996_PV,18.03533744812012,0,train
84996_TV,24.1954402923584,1,train
84996_MV,22.63184356689453,1,train
85000_AV,16.47110366821289,0,train
85000_PV,22.675182342529297,1,train
85000_TV,31.38103675842285,2,train
85000_MV,19.820816040039062,0,train
85002_AV,19.824323654174805,0,train
85002_PV,18.62705993652344,0,train
85002_TV,26.710508346557617,2,train
85002_MV,22.36650657653809,1,train
85004_MV,30.633909225463867,2,train
85010_AV,13.158893585205078,0,val
85010_PV,23.36434364318848,1,val
85010_TV,21.060985565185547,1,val
85010_MV,21.575363159179688,1,val
85011_AV,23.381669998168945,1,train
85011_MV,25.031795501708984,2,train
85012_AV,18.664764404296875,0,train
85012_PV,21.615070343017575,1,train
85012_TV,27.520172119140625,2,train
85012_MV,25.493881225585938,2,train
85018_AV,25.03657531738281,2,train
85018_MV,24.91878318786621,2,train
85019_AV,20.78894805908203,1,train
85019_MV,23.338586807250977,1,train
85020_AV,22.728090286254883,1,train
85020_PV,25.681612014770508,2,train
85020_TV,24.25178337097168,1,train
85020_MV,19.143075942993164,0,train
85023_AV,24.561443328857425,2,train
85023_PV,28.02807235717773,2,train
85023_TV,30.69733619689941,2,train
85023_MV,24.215410232543945,1,train
85024_AV,18.73227882385254,0,test
85024_PV,21.244821548461918,1,test
85024_TV,26.403379440307617,2,test
85024_MV,24.22015380859375,1,test
85026_AV,15.135106086730955,0,val
85026_MV,13.332555770874023,0,val
85027_AV,17.17182159423828,0,train
85027_PV,21.86612892150879,1,train
85027_TV,26.178661346435547,2,train
85027_MV,22.862045288085938,1,train
85028_AV,17.742416381835938,0,val
85028_PV,20.7222843170166,1,val
85028_TV,18.33883476257324,0,val
85028_MV,23.422592163085938,1,val
85029_AV,17.683387756347656,0,test
85029_PV,18.42626953125,0,test
85029_TV,21.250144958496094,1,test
85029_MV,20.434158325195312,1,test
85030_AV,22.32807922363281,1,train
85030_PV,23.04408836364746,1,train
85030_TV,25.31106185913086,2,train
85030_MV,23.89867782592773,1,train
85031_AV,21.21426010131836,1,train
85031_PV,29.463829040527344,2,train
85031_TV,36.52704620361328,2,train
85031_MV,26.30518341064453,2,train
85033_AV,20.48807907104492,1,train
85033_PV,21.17995834350586,1,train
85033_TV,24.669084548950195,2,train
85033_MV,24.328128814697266,1,train
85034_AV,26.45231437683105,2,train
85034_MV,27.352840423583984,2,train
85035_AV,19.694446563720703,0,val
85035_PV,26.378387451171875,2,val
85035_TV,22.585613250732425,1,val
85035_MV,20.472881317138672,1,val
85036_AV,22.85608291625977,1,test
85036_PV,24.088247299194336,1,test
85036_TV,23.52930450439453,1,test
85036_MV,23.363304138183597,1,test
85037_AV,17.949007034301758,0,train
85037_PV,22.624095916748047,1,train
85037_TV,19.86302757263184,0,train
85037_MV,18.466066360473636,0,train
85038_AV,25.7614688873291,2,train
85038_PV,25.018535614013672,2,train
85038_TV,25.302885055541992,2,train
85038_MV,24.66996955871582,2,train
85042_AV,18.1075382232666,0,train
85042_PV,23.022640228271484,1,train
85042_TV,28.65440559387207,2,train
85042_MV,25.411865234375,2,train
85044_AV,18.15085792541504,0,test
85044_PV,18.20235061645508,0,test
85046_AV,13.418506622314451,0,test
85046_PV,21.021728515625,1,test
85046_TV,25.131471633911133,2,test
85046_MV,22.48937225341797,1,test
85048_AV,25.293182373046875,2,test
85048_PV,24.07975959777832,1,test
85048_TV,32.9180793762207,2,test
85048_MV,28.14733123779297,2,test
85052_PV,25.60917854309082,2,train
85052_TV,33.451202392578125,2,train
85052_MV,26.95594787597656,2,train
85053_AV,20.542823791503903,1,test
85053_PV,32.348148345947266,2,test
85053_TV,31.59279060363769,2,test
85053_MV,27.53552627563477,2,test
85055_AV,15.910849571228027,0,train
85055_PV,19.241744995117188,0,train
85055_TV,15.154844284057615,0,train
85057_AV,23.308237075805664,1,train
85057_PV,26.107542037963867,2,train
85057_TV,27.747188568115234,2,train
85057_MV,27.815675735473636,2,train
85062_AV,18.46219062805176,0,test
85062_PV,24.253437042236328,1,test
85062_TV,23.01555824279785,1,test
85062_MV,25.90791893005371,2,test
85063_MV,43.658180236816406,2,test
85064_AV,18.77372169494629,0,train
85064_PV,18.00662612915039,0,train
85064_TV,19.77092170715332,0,train
85064_MV,21.27414321899414,1,train
85066_MV,23.87869071960449,1,train
85069_AV,25.8925724029541,2,val
85069_PV,32.46290588378906,2,val
85069_TV,26.793182373046875,2,val
85069_MV,28.343408584594727,2,val
85075_AV,22.74815559387207,1,train
85075_PV,25.71889877319336,2,train
85075_TV,24.65644645690918,2,train
85075_MV,24.32246398925781,1,train
85076_PV,17.118013381958008,0,train
85076_MV,16.65212059020996,0,train
85077_AV,17.613178253173828,0,train
85077_PV,26.071393966674805,2,train
85077_TV,24.07376289367676,1,train
85077_MV,20.58112907409668,1,train
85079_AV,16.70611572265625,0,train
85079_PV,23.02350234985352,1,train
85079_TV,23.305530548095703,1,train
85079_MV,17.906757354736328,0,train
85080_AV,17.975465774536133,0,train
85080_PV,20.859708786010746,1,train
85080_TV,25.74677276611328,2,train
85080_MV,16.53202247619629,0,train
85084_AV,16.536773681640625,0,train
85084_PV,21.53932380676269,1,train
85084_TV,18.66520881652832,0,train
85086_AV,22.89670181274414,1,train
85086_PV,21.606576919555664,1,train
85086_TV,21.91404151916504,1,train
85086_MV,25.234542846679688,2,train
85087_AV,22.930831909179688,1,train
85087_PV,26.6591739654541,2,train
85087_TV,35.492408752441406,2,train
85087_MV,31.384172439575195,2,train
85090_PV,16.166669845581055,0,train
85090_TV,18.03471946716309,0,train
85090_MV,15.206236839294434,0,train
85091_AV,18.799013137817383,0,train
85091_MV,20.17425537109375,0,train
85093_AV,16.07895851135254,0,train
85093_PV,17.856725692749023,0,train
85093_TV,19.926359176635746,0,train
85093_MV,15.622567176818848,0,train
85094_AV,18.702791213989254,0,train
85094_PV,17.270755767822266,0,train
85094_TV,22.509109497070312,1,train
85094_MV,19.23833656311035,0,train
85096_AV,18.252779006958008,0,train
85096_PV,25.394363403320312,2,train
85096_TV,24.68107032775879,2,train
85096_MV,26.62142562866211,2,train
85099_AV,19.05338859558105,0,train
85099_PV,20.03213882446289,0,train
85099_TV,23.87446403503418,1,train
85099_MV,24.13312721252441,1,train
85100_AV,17.466947555541992,0,train
85100_PV,16.270889282226562,0,train
85102_AV,18.611862182617188,0,train
85102_PV,18.1086368560791,0,train
85102_TV,19.88757705688477,0,train
85102_MV,18.5290641784668,0,train
85103_AV,15.730476379394531,0,val
85103_PV,13.98594856262207,0,val
85103_TV,19.08389663696289,0,val
85105_PV,24.115497589111328,1,train
85105_TV,19.878393173217773,0,train
85108_AV,21.96247100830078,1,train
85108_PV,19.66545867919922,0,train
85108_TV,28.250194549560547,2,train
85108_MV,22.05094146728516,1,train
85109_AV,21.927993774414062,1,train
85109_PV,21.88198471069336,1,train
85109_TV,28.167001724243164,2,train
85109_MV,24.427478790283203,1,train
85110_AV,19.006223678588867,0,train
85110_PV,19.954652786254883,0,train
85110_TV,24.87140655517578,2,train
85110_MV,24.78892517089844,2,train
85112_AV,19.280990600585938,0,train
85112_PV,20.981746673583984,1,train
85112_TV,27.353151321411133,2,train
85112_MV,20.033769607543945,0,train
85113_AV,16.753389358520508,0,train
85113_PV,20.31499481201172,1,train
85113_TV,26.949586868286133,2,train
85113_MV,25.158447265625,2,train
85114_AV,21.045398712158203,1,train
85114_PV,28.50275230407715,2,train
85114_TV,25.84356117248535,2,train
85114_MV,19.84740447998047,0,train
85115_AV,20.806346893310547,1,train
85115_PV,27.09615898132324,2,train
85115_TV,23.68905639648437,1,train
85115_MV,19.8125114440918,0,train
85116_AV,18.37314224243164,0,train
85116_PV,24.414989471435547,1,train
85116_TV,21.67050552368164,1,train
85116_MV,20.51924133300781,1,train
85118_AV,17.346166610717773,0,train
85118_PV,22.45112609863281,1,train
85118_TV,20.331995010375977,1,train
85118_MV,19.85212516784668,0,train
85119_AV,18.67270851135254,0,train
85119_PV,23.69146728515625,1,train
85119_TV,29.791751861572266,2,train
85119_MV,29.333717346191406,2,train
85121_AV,14.56315803527832,0,train
85121_PV,22.111804962158203,1,train
85121_TV,22.02792739868164,1,train
85121_MV,16.31805992126465,0,train
85122_AV,16.83000373840332,0,test
85122_PV,21.52041244506836,1,test
85122_TV,20.0695915222168,0,test
85122_MV,19.450164794921875,0,test
85123_AV,22.278114318847656,1,train
85123_PV,26.05467796325684,2,train
85123_TV,26.13563346862793,2,train
85123_MV,24.246875762939453,1,train
85124_AV,19.438589096069336,0,val
85124_PV,21.02836227416992,1,val
85124_TV,26.5323429107666,2,val
85124_MV,23.44538688659668,1,val
85127_AV,23.98306655883789,1,val
85127_PV,28.851673126220703,2,val
85127_TV,30.174806594848636,2,val
85127_MV,27.214252471923828,2,val
85128_AV,17.806650161743164,0,train
85128_PV,22.408483505249023,1,train
85128_TV,22.03354263305664,1,train
85128_MV,21.475400924682617,1,train
85131_AV,21.409568786621094,1,train
85131_PV,18.210399627685547,0,train
85131_TV,20.79219627380371,1,train
85131_MV,20.018878936767575,0,train
85132_AV,14.182300567626951,0,test
85132_PV,21.58118438720703,1,test
85132_TV,22.99497413635254,1,test
85132_MV,20.99312973022461,1,test
85133_AV,16.07158660888672,0,train
85133_PV,22.010311126708984,1,train
85133_TV,21.351268768310547,1,train
85133_MV,17.90066146850586,0,train
85134_AV,20.002775192260746,0,train
85134_PV,17.7694034576416,0,train
85134_TV,23.92074203491211,1,train
85134_MV,17.60831642150879,0,train
85135_PV,26.06289291381836,2,val
85135_TV,24.044677734375,1,val
85135_MV,22.9647159576416,1,val
85136_AV,20.036766052246094,0,train
85136_PV,20.516403198242188,1,train
85136_TV,28.861133575439453,2,train
85136_MV,29.436267852783203,2,train
85139_PV,21.72189712524414,1,test
85139_TV,25.698347091674805,2,test
85139_MV,22.760257720947266,1,test
85140_AV,24.31353759765625,1,train
85140_PV,24.271068572998047,1,train
85140_MV,20.75952911376953,1,train
85143_AV,15.55763339996338,0,train
85143_PV,22.793636322021484,1,train
85143_TV,26.024572372436523,2,train
85143_MV,20.872411727905277,1,train
85144_AV,27.00148582458496,2,train
85144_MV,24.53132438659668,2,train
85145_MV,21.54258918762207,1,train
85147_AV,16.195276260375977,0,train
85147_PV,22.506378173828125,1,train
85147_TV,31.199695587158203,2,train
85147_MV,22.967914581298828,1,train
85148_AV,19.790063858032227,0,train
85148_PV,20.146034240722656,0,train
85148_TV,19.604740142822266,0,train
85148_MV,17.344070434570312,0,train
85150_AV,15.06895923614502,0,train
85150_PV,16.62721061706543,0,train
85151_AV,15.68062686920166,0,train
85151_PV,17.408615112304688,0,train
85151_TV,17.623764038085938,0,train
85151_MV,15.935935020446776,0,train
85152_AV,19.099838256835938,0,val
85152_PV,19.048114776611328,0,val
85152_TV,22.095155715942383,1,val
85152_MV,20.08180427551269,0,val
85153_AV,16.40749168395996,0,test
85153_PV,18.65581512451172,0,test
85154_AV,21.2775821685791,1,train
85154_PV,22.71955680847168,1,train
85154_TV,18.791507720947266,0,train
85154_MV,17.129791259765625,0,train
85157_AV,15.854935646057127,0,train
85157_PV,20.01709747314453,0,train
85157_TV,27.88903045654297,2,train
85157_MV,23.446447372436523,1,train
85159_AV,17.215682983398438,0,train
85159_MV,15.861006736755373,0,train
85161_AV,23.74378967285156,1,train
85161_PV,21.67698860168457,1,train
85161_TV,22.580955505371094,1,train
85161_MV,17.2939453125,0,train
85162_AV,16.101003646850586,0,test
85162_PV,21.286096572875977,1,test
85162_TV,27.968482971191406,2,test
85162_MV,26.46784782409668,2,test
85163_AV,18.69860076904297,0,val
85163_PV,25.158546447753903,2,val
85163_TV,19.253925323486328,0,val
85163_MV,18.758413314819336,0,val
85164_AV,18.22835731506348,0,train
85164_PV,27.291261672973636,2,train
85164_TV,29.345033645629883,2,train
85164_MV,24.9483699798584,2,train
85165_AV,28.247634887695312,2,train
85165_MV,23.53557586669922,1,train
85166_AV,17.49592399597168,0,val
85166_PV,23.841636657714844,1,val
85166_TV,23.98444366455078,1,val
85166_MV,21.999629974365234,1,val
85167_PV,17.778316497802734,0,train
85167_TV,19.48517227172852,0,train
85168_AV,19.627782821655277,0,train
85168_PV,21.256732940673828,1,train
85168_TV,22.392898559570312,1,train
85168_MV,17.215707778930664,0,train
85169_AV,17.877933502197266,0,train
85169_PV,19.49542808532715,0,train
85169_TV,26.20137405395508,2,train
85169_MV,24.076358795166016,1,train
85172_AV,18.67474365234375,0,train
85172_PV,23.900955200195312,1,train
85172_TV,18.569902420043945,0,train
85172_MV,19.697677612304688,0,train
85174_AV,19.014646530151367,0,train
85174_PV,31.245004653930664,2,train
85174_TV,28.90631103515625,2,train
85174_MV,29.165966033935547,2,train
85175_AV,17.711456298828125,0,train
85175_PV,20.295068740844727,1,train
85175_TV,20.135578155517575,0,train
85175_MV,22.76136589050293,1,train
85176_AV,17.429929733276367,0,train
85176_PV,16.971208572387695,0,train
85176_TV,26.51031875610352,2,train
85176_MV,14.969586372375488,0,train
85180_AV,20.32835960388184,1,train
85180_PV,28.918121337890625,2,train
85180_TV,33.28099060058594,2,train
85180_MV,23.216312408447266,1,train
85181_AV,13.769702911376951,0,train
85181_PV,15.820159912109377,0,train
85184_AV,18.75101852416992,0,train
85184_PV,21.29675674438477,1,train
85184_TV,21.261213302612305,1,train
85184_MV,22.166831970214844,1,train
85186_AV,14.263476371765137,0,train
85186_PV,15.20193099975586,0,train
85186_TV,13.17933464050293,0,train
85192_AV,16.67068099975586,0,train
85192_PV,17.50495147705078,0,train
85192_TV,23.928747177124023,1,train
85192_MV,22.317590713500977,1,train
85197_AV,22.353708267211918,1,train
85197_PV,28.02180290222168,2,train
85197_TV,21.66900634765625,1,train
85197_MV,25.919700622558597,2,train
85198_AV,28.439128875732425,2,train
85198_PV,20.086673736572266,0,train
85198_TV,21.836034774780277,1,train
85198_MV,21.998516082763672,1,train
85199_AV,12.828160285949709,0,val
85199_PV,16.16707992553711,0,val
85207_AV,18.225963592529297,0,train
85207_PV,21.35652732849121,1,train
85207_TV,27.01559257507324,2,train
85207_MV,22.47837448120117,1,train
85210_AV,25.038318634033203,2,train
85210_PV,32.84789276123047,2,train
85210_TV,29.545166015625,2,train
85210_MV,22.13359642028809,1,train
85212_AV,21.50323486328125,1,train
85212_PV,23.14717483520508,1,train
85212_TV,22.740856170654297,1,train
85212_MV,21.140361785888672,1,train
85213_AV,20.296934127807617,1,train
85213_PV,28.01642417907715,2,train
85213_TV,24.203548431396484,1,train
85213_MV,19.136837005615234,0,train
85214_AV,14.84282398223877,0,train
85214_PV,23.97901725769043,1,train
85214_TV,18.837188720703125,0,train
85214_MV,20.44334602355957,1,train
85216_AV,13.71418571472168,0,train
85216_PV,16.73692512512207,0,train
85216_TV,17.1676025390625,0,train
85216_MV,13.571392059326172,0,train
85217_AV,17.140275955200195,0,train
85217_PV,25.03717803955078,2,train
85217_TV,24.82600975036621,2,train
85217_MV,21.31573867797852,1,train
85219_AV,20.77841186523437,1,train
85219_PV,27.61312866210937,2,train
85219_TV,27.65414810180664,2,train
85219_MV,29.724830627441406,2,train
85222_AV,18.49995422363281,0,train
85222_PV,30.58273124694824,2,train
85222_TV,20.27541923522949,1,train
85225_AV,15.887086868286133,0,train
85225_PV,18.62712287902832,0,train
85225_TV,14.573991775512695,0,train
85225_MV,13.361268997192385,0,train
85226_PV,13.204270362854004,0,train
85226_TV,37.68171691894531,2,train
85226_MV,19.26620483398437,0,train
85230_AV,16.870258331298828,0,train
85230_PV,21.7033748626709,1,train
85230_TV,20.28581428527832,1,train
85230_MV,16.077014923095703,0,train
85234_AV,20.98102188110352,1,train
85234_PV,21.26390647888184,1,train
85234_TV,25.295921325683597,2,train
85234_MV,24.606712341308597,2,train
85235_AV,20.845155715942383,1,train
85235_PV,30.251962661743164,2,train
85235_TV,34.87702941894531,2,train
85235_MV,28.182058334350582,2,train
85236_AV,15.482580184936523,0,train
85236_PV,16.390201568603516,0,train
85236_TV,21.773595809936523,1,train
85236_MV,18.19834518432617,0,train
85239_AV,25.371187210083008,2,train
85239_PV,27.447851181030277,2,train
85239_TV,29.341184616088867,2,train
85239_MV,26.747013092041016,2,train
85240_AV,19.399559020996094,0,train
85240_PV,19.09282875061035,0,train
85240_TV,12.823491096496582,0,train
85241_AV,18.031967163085938,0,train
85241_PV,16.038476943969727,0,train
85241_TV,17.565311431884766,0,train
85241_MV,16.141530990600586,0,train
85242_MV,28.523881912231445,2,train
85243_AV,20.07966041564941,0,train
85243_PV,26.06454086303711,2,train
85244_AV,15.202780723571776,0,test
85244_PV,17.788894653320312,0,test
85244_TV,21.464805603027344,1,test
85244_MV,20.88019561767578,1,test
85245_AV,15.486321449279783,0,train
85245_PV,15.882280349731444,0,train
85245_TV,17.825349807739258,0,train
85246_AV,17.71834373474121,0,test
85246_PV,17.22727394104004,0,test
85246_TV,25.103702545166016,2,test
85246_MV,19.14546203613281,0,test
85247_AV,15.449213981628418,0,train
85247_PV,18.595115661621094,0,train
85247_TV,17.7873592376709,0,train
85247_MV,19.54357147216797,0,train
85249_AV,22.384357452392575,1,val
85249_PV,20.8082275390625,1,val
85249_TV,23.59052848815918,1,val
85249_MV,21.47327041625977,1,val
85250_AV,17.086181640625,0,train
85250_PV,22.827152252197266,1,train
85250_TV,21.568099975585938,1,train
85250_MV,21.636579513549805,1,train
85252_AV,26.22079849243164,2,train
85252_PV,31.47344398498535,2,train
85252_TV,21.99625015258789,1,train
85252_MV,25.64281845092773,2,train
85253_AV,21.98635482788086,1,train
85253_PV,19.014509201049805,0,train
85253_TV,21.84873962402344,1,train
85253_MV,20.802305221557617,1,train
85258_AV,19.640857696533203,0,train
85258_PV,34.5386848449707,2,train
85258_TV,23.966182708740234,1,train
85258_MV,23.8582706451416,1,train
85259_AV,30.244258880615234,2,val
85259_MV,23.287410736083984,1,val
85261_AV,21.819061279296875,1,train
85261_PV,30.532934188842773,2,train
85261_TV,31.245094299316406,2,train
85261_MV,24.873565673828125,2,train
85262_AV,19.6595458984375,0,train
85262_PV,24.57286834716797,2,train
85262_TV,17.821163177490234,0,train
85262_MV,18.45248794555664,0,train
85264_MV,29.049705505371094,2,val
85265_AV,20.243146896362305,1,train
85265_PV,20.42688369750977,1,train
85265_TV,16.353933334350586,0,train
85265_MV,16.921695709228516,0,train
85269_AV,21.779518127441406,1,train
85269_PV,22.14974403381348,1,train
85270_AV,22.85196685791016,1,train
85270_PV,24.8772029876709,2,train
85270_TV,27.595815658569336,2,train
85270_MV,28.083837509155277,2,train
85276_MV,23.813671112060547,1,train
85277_AV,20.60557556152344,1,train
85277_PV,15.963157653808594,0,train
85277_TV,24.948604583740234,2,train
85277_MV,22.276365280151367,1,train
85278_AV,19.061492919921875,0,train
85278_PV,23.06694984436035,1,train
85278_TV,27.89337158203125,2,train
85278_MV,22.044090270996094,1,train
85279_AV,16.396812438964844,0,test
85279_PV,26.562164306640625,2,test
85279_TV,33.541316986083984,2,test
85279_MV,22.029216766357425,1,test
85282_AV,18.928192138671875,0,train
85282_PV,18.291736602783203,0,train
85282_TV,23.276519775390625,1,train
85282_MV,18.2131404876709,0,train
85285_AV,17.191383361816406,0,test
85285_PV,26.574234008789062,2,test
85285_TV,27.772262573242188,2,test
85285_MV,23.322362899780277,1,test
85286_AV,23.314476013183597,1,train
85286_PV,30.70405578613281,2,train
85286_TV,27.261722564697266,2,train
85286_MV,23.97887420654297,1,train
85287_PV,14.953767776489258,0,val
85287_TV,17.22501564025879,0,val
85287_MV,20.90649032592773,1,val
85288_AV,21.213472366333008,1,train
85288_PV,22.433326721191406,1,train
85288_TV,28.73125457763672,2,train
85288_MV,25.123016357421875,2,train
85293_AV,17.144062042236328,0,val
85293_PV,24.190235137939453,1,val
85293_TV,24.409343719482425,1,val
85293_MV,24.12279319763184,1,val
85296_AV,18.871973037719727,0,train
85296_PV,25.2619571685791,2,train
85296_TV,26.987001419067383,2,train
85296_MV,24.911489486694336,2,train
85299_AV,19.0615348815918,0,train
85299_PV,24.898143768310547,2,train
85299_TV,31.719846725463867,2,train
85299_MV,23.09259414672852,1,train
85301_AV,20.838741302490234,1,train
85301_PV,17.704265594482422,0,train
85301_TV,27.950075149536133,2,train
85301_MV,20.05596351623535,0,train
85305_AV,11.562885284423828,0,train
85305_PV,24.573944091796875,2,train
85305_TV,19.84339904785156,0,train
85305_MV,25.293825149536133,2,train
85306_AV,17.00647735595703,0,train
85306_MV,17.640121459960938,0,train
85308_AV,18.07235336303711,0,train
85308_PV,14.080486297607422,0,train
85308_TV,28.49364471435547,2,train
85308_MV,16.198612213134766,0,train
85312_AV,15.16512393951416,0,train
85312_PV,15.823068618774414,0,train
85312_TV,22.452857971191406,1,train
85312_MV,21.745100021362305,1,train
85313_PV,18.501218795776367,0,train
85313_TV,24.53314781188965,2,train
85313_MV,22.19106674194336,1,train
85315_AV,19.10097312927246,0,test
85315_PV,22.343189239501957,1,test
85315_TV,18.427806854248047,0,test
85315_MV,17.7210693359375,0,test
85316_AV,13.17624855041504,0,val
85316_PV,19.156476974487305,0,val
85316_TV,19.38925170898437,0,val
85316_MV,19.156909942626957,0,val
85317_AV,31.89455986022949,2,train
85321_PV,22.62202835083008,1,test
85321_TV,20.19763565063477,0,test
85323_PV,17.032529830932617,0,train
85326_AV,20.02059936523437,0,val
85326_PV,30.0496826171875,2,val
85326_TV,30.85311889648437,2,val
85326_MV,28.75038146972656,2,val
85327_AV,21.429866790771484,1,train
85327_PV,20.79439163208008,1,train
85327_TV,21.66199493408203,1,train
85327_MV,19.680315017700195,0,train
85328_AV,15.193605422973633,0,train
85328_PV,16.531217575073242,0,train
85328_TV,27.721139907836918,2,train
85328_MV,22.604291915893555,1,train
85329_AV,18.92131996154785,0,train
85329_PV,27.97676467895508,2,train
85329_TV,28.15454864501953,2,train
85329_MV,27.597368240356445,2,train
85331_AV,20.998687744140625,1,train
85331_PV,23.346588134765625,1,train
85331_TV,21.0421085357666,1,train
85331_MV,24.64029693603516,2,train
85332_AV,12.245827674865724,0,train
85332_PV,13.19414520263672,0,train
85334_AV,15.51577091217041,0,train
85334_PV,18.189355850219727,0,train
85334_TV,26.68965148925781,2,train
85334_MV,25.379230499267575,2,train
85335_AV,15.90566062927246,0,train
85335_PV,28.351341247558597,2,train
85335_TV,26.452411651611328,2,train
85336_AV,17.14646339416504,0,train
85336_MV,21.210113525390625,1,train
85337_AV,18.15503692626953,0,test
85337_PV,20.82598876953125,1,test
85337_TV,25.845233917236328,2,test
85337_MV,23.45294189453125,1,test
85338_AV,18.380538940429688,0,train
85338_PV,16.852725982666016,0,train
85338_TV,20.06084251403809,0,train
85338_MV,15.84666633605957,0,train
85339_MV,24.59678268432617,2,train
85340_AV,15.18563747406006,0,train
85340_PV,24.571895599365234,2,train
85340_TV,26.83609962463379,2,train
85340_MV,28.192331314086918,2,train
85341_AV,16.686521530151367,0,test
85341_PV,19.508153915405277,0,test
85341_TV,24.755172729492188,2,test
85341_MV,18.48114776611328,0,test
85343_AV,11.191605567932127,0,train
85343_PV,17.247739791870117,0,train
85343_TV,25.03216552734375,2,train
85343_MV,23.95821762084961,1,train
85345_AV,13.790358543395996,0,train
85345_PV,34.679378509521484,2,train
85349_AV,15.100951194763184,0,train
85349_PV,16.47203254699707,0,train
85349_TV,19.10586929321289,0,train
9979_AV,17.297088623046875,0,train
9979_PV,21.91858673095703,1,train
9979_TV,17.819427490234375,0,train
9979_MV,21.501605987548828,1,train
